employee_num,desk_id,desk_id_start_date,desk_id_end_date,termination_flag,promotion_flag
16684,1,1999-01-01,2003-01-01,0,0
29068,2,1999-01-01,2002-10-01,0,0
19507,3,1999-01-01,2999-01-01,0,0
7504,4,1999-01-01,2002-04-04,0,0
2549,5,1999-01-01,2000-07-31,0,0
8869,6,1999-01-01,2999-01-01,0,0
21041,7,1999-01-01,2000-07-30,0,0
9968,8,1999-01-01,1999-11-11,0,0
34070,9,1999-01-01,2001-05-07,0,0
1265,10,1999-01-01,2999-01-01,0,0
6773,11,1999-01-01,2001-06-07,0,0
8878,12,1999-01-01,2001-04-04,0,0
41637,13,1999-01-01,2002-05-14,1,0
17198,14,1999-01-01,2000-02-12,0,0
21103,15,1999-01-01,2001-01-01,0,0
14721,16,1999-01-01,2001-11-21,0,0
12427,17,1999-01-01,2001-10-12,0,0
44398,18,1999-01-01,2999-01-01,0,0
36559,19,1999-01-01,2999-01-01,0,0
8204,20,1999-01-01,2002-03-15,1,0
29364,21,1999-01-01,2999-01-01,0,0
44462,22,1999-01-01,2000-06-21,1,0
39087,23,1999-01-01,2001-06-30,0,0
24685,24,1999-01-01,2001-02-04,1,0
7647,25,1999-01-01,2002-04-04,0,0
11516,26,1999-01-01,2999-01-01,0,0
23737,27,1999-01-01,1999-11-11,0,0
30754,28,1999-01-01,1999-12-17,0,0
41572,29,1999-01-01,1999-10-13,0,0
3247,30,1999-01-01,2002-08-06,1,0
12121,31,1999-01-01,2000-04-15,0,0
15347,32,1999-01-01,2001-03-03,0,0
38813,33,1999-01-01,1999-10-28,0,0
28423,34,1999-01-01,2999-01-01,0,0
40369,35,1999-01-01,2000-07-21,0,0
23720,36,1999-01-01,2999-01-01,0,0
10325,37,1999-01-01,2000-02-20,1,0
40958,38,1999-01-01,2999-01-01,0,0
4825,39,1999-01-01,2000-04-26,0,0
29868,40,1999-01-01,2001-06-23,0,0
17182,41,1999-01-01,2001-11-07,1,0
41691,42,1999-01-01,2001-08-10,1,0
17617,43,1999-01-01,2002-06-26,0,0
37883,44,1999-01-01,1999-10-16,0,0
9506,45,1999-01-01,2001-05-09,0,0
41788,46,1999-01-01,2002-04-16,1,0
2927,47,1999-01-01,2000-06-22,0,0
23835,48,1999-01-01,2001-03-03,0,0
28900,49,1999-01-01,2001-09-26,0,0
25238,50,1999-01-01,2002-06-13,0,0
17058,51,1999-01-01,1999-12-27,0,0
39655,52,1999-01-01,1999-10-19,0,0
24389,53,1999-01-01,1999-09-06,0,0
15064,54,1999-01-01,2999-01-01,0,0
27039,55,1999-01-01,2000-03-31,1,0
25208,56,1999-01-01,2001-05-26,0,0
44025,57,1999-01-01,2001-01-02,0,0
38878,58,1999-01-01,2000-07-13,0,0
647,59,1999-01-01,2000-10-31,0,0
16522,60,1999-01-01,2001-03-12,0,0
6834,61,1999-01-01,2001-10-27,0,0
8132,62,1999-01-01,2000-12-13,0,0
34929,63,1999-01-01,2000-08-07,0,0
37435,64,1999-01-01,2001-11-11,0,0
8595,65,1999-01-01,2999-01-01,0,0
17864,66,1999-01-01,2001-05-04,1,0
7732,67,1999-01-01,2000-09-04,1,0
21784,68,1999-01-01,2001-09-17,0,0
19238,69,1999-01-01,2001-08-16,0,0
29490,70,1999-01-01,2001-11-16,0,0
19436,71,1999-01-01,2000-03-04,0,0
13907,72,1999-01-01,2002-07-13,0,0
10865,73,1999-01-01,2999-01-01,0,0
34153,74,1999-01-01,2999-01-01,0,0
36101,75,1999-01-01,2000-11-09,0,0
24765,76,1999-01-01,2000-11-08,0,0
43177,77,1999-01-01,2002-04-11,1,0
29114,78,1999-01-01,2001-07-27,0,0
1428,79,1999-01-01,2000-10-18,0,0
30913,80,1999-01-01,1999-12-15,1,0
27069,81,1999-01-01,2000-12-19,0,0
12076,82,1999-01-01,1999-06-07,0,0
31555,83,1999-01-01,2001-08-22,0,0
44942,84,1999-01-01,2001-05-19,1,0
27284,85,1999-01-01,2999-01-01,0,0
38938,86,1999-01-01,2000-03-03,1,0
42734,87,1999-01-01,2000-07-11,0,0
9936,88,1999-01-01,2000-11-13,1,0
5180,89,1999-01-01,2999-01-01,0,0
23771,90,1999-01-01,2999-01-01,0,0
25889,91,1999-01-01,2000-04-18,0,0
14479,92,1999-01-01,2000-08-22,0,0
8775,93,1999-01-01,2001-02-24,1,0
3370,94,1999-01-01,2001-12-29,0,0
43588,95,1999-01-01,2002-06-09,0,0
31485,96,1999-01-01,2999-01-01,0,0
28239,97,1999-01-01,1999-08-07,0,0
9306,98,1999-01-01,2002-07-23,0,0
44328,99,1999-01-01,2001-07-01,0,0
5123,100,1999-01-01,2999-01-01,0,0
29950,101,1999-01-01,2002-01-05,0,0
17863,102,1999-01-01,2002-02-04,0,0
33004,103,1999-01-01,2001-11-27,0,0
1799,104,1999-01-01,2002-12-07,0,0
1634,105,1999-01-01,2000-05-23,0,0
12382,106,1999-01-01,2999-01-01,0,0
19274,107,1999-01-01,2002-11-03,0,0
16921,108,1999-01-01,2000-10-17,0,0
22268,109,1999-01-01,2000-07-21,1,0
20451,110,1999-01-01,2999-01-01,0,0
36480,111,1999-01-01,2000-09-03,0,0
6479,112,1999-01-01,2002-05-07,0,0
14962,113,1999-01-01,2001-09-05,0,0
39737,114,1999-01-01,2002-12-15,0,0
2944,115,1999-01-01,2001-05-20,0,0
44804,116,1999-01-01,2000-01-18,0,0
2852,117,1999-01-01,2000-01-18,0,0
38676,118,1999-01-01,2001-11-21,0,0
152,119,1999-01-01,2001-01-11,0,0
1652,120,1999-01-01,2999-01-01,0,0
30621,121,1999-01-01,2001-07-16,0,0
28622,122,1999-01-01,1999-12-11,0,0
38890,123,1999-01-01,2000-11-06,1,0
20601,124,1999-01-01,2001-10-05,0,0
41,125,1999-01-01,2001-06-03,0,0
33988,126,1999-01-01,2000-05-03,0,0
37042,127,1999-01-01,2001-04-01,0,0
43618,128,1999-01-01,2999-01-01,0,0
39336,129,1999-01-01,2002-09-23,0,0
14404,130,1999-01-01,2000-01-26,0,0
30245,131,1999-01-01,1999-11-12,0,0
27819,132,1999-01-01,2001-02-03,0,0
40503,133,1999-01-01,2000-08-27,0,0
57,134,1999-01-01,2001-07-19,1,0
8057,135,1999-01-01,2000-06-21,0,0
17438,136,1999-01-01,2999-01-01,0,0
41222,137,1999-01-01,2001-07-07,0,0
27304,138,1999-01-01,2001-04-27,1,0
29458,139,1999-01-01,1999-08-25,0,0
9269,140,1999-01-01,2000-01-06,0,0
18624,141,1999-01-01,2000-07-24,0,0
35490,142,1999-01-01,2001-10-19,0,0
4526,143,1999-01-01,2002-02-21,0,0
695,144,1999-01-01,2000-08-14,0,0
14638,145,1999-01-01,2001-07-02,0,0
7826,146,1999-01-01,2002-01-20,1,0
13481,147,1999-01-01,2999-01-01,0,0
37629,148,1999-01-01,2999-01-01,0,0
28811,149,1999-01-01,2999-01-01,0,0
20783,150,1999-01-01,2999-01-01,0,0
14367,151,1999-01-01,2999-01-01,0,0
26824,152,1999-01-01,2002-01-19,1,0
38077,153,1999-01-01,2999-01-01,0,0
36453,154,1999-01-01,2999-01-01,0,0
35916,155,1999-01-01,2000-03-01,0,0
13637,156,1999-01-01,1999-05-23,0,0
14120,157,1999-01-01,2000-01-07,0,0
30900,158,1999-01-01,2002-07-21,0,0
843,159,1999-01-01,2002-05-31,0,0
21077,160,1999-01-01,2001-04-02,0,0
24501,161,1999-01-01,2999-01-01,0,0
3342,162,1999-01-01,2001-10-07,0,0
44714,163,1999-01-01,2999-01-01,0,0
30042,164,1999-01-01,1999-10-24,0,0
4385,165,1999-01-01,2999-01-01,0,0
43413,166,1999-01-01,2000-09-03,0,0
8984,167,1999-01-01,2000-06-23,0,0
10597,168,1999-01-01,2001-07-24,0,0
14304,169,1999-01-01,2001-03-06,1,0
38682,170,1999-01-01,2001-07-12,0,0
22948,171,1999-01-01,2002-08-22,1,0
30297,172,1999-01-01,1999-07-02,0,0
1920,173,1999-01-01,2000-08-09,0,0
15493,174,1999-01-01,2999-01-01,0,0
8664,175,1999-01-01,2002-09-06,0,0
34108,176,1999-01-01,2999-01-01,0,0
14514,177,1999-01-01,2001-01-12,0,0
31239,178,1999-01-01,2000-03-13,0,0
21065,179,1999-01-01,2001-07-20,0,0
30938,180,1999-01-01,2001-07-15,0,0
231,181,1999-01-01,2999-01-01,0,0
15638,182,1999-01-01,2002-06-12,0,0
44822,183,1999-01-01,2001-02-20,0,0
13036,184,1999-01-01,2001-03-05,0,0
32129,185,1999-01-01,2001-02-01,1,0
24797,186,1999-01-01,2000-09-03,0,0
44626,187,1999-01-01,2000-07-28,0,0
20680,188,1999-01-01,2002-09-26,0,0
35319,189,1999-01-01,2001-01-20,0,0
24648,190,1999-01-01,2000-08-20,0,0
31791,191,1999-01-01,2001-08-12,0,0
36110,192,1999-01-01,2001-09-14,0,0
42721,193,1999-01-01,2999-01-01,0,0
27393,194,1999-01-01,2002-04-24,0,0
40327,195,1999-01-01,2999-01-01,0,0
42265,196,1999-01-01,2002-07-16,0,0
12912,197,1999-01-01,1999-10-28,0,0
34809,198,1999-01-01,2000-05-21,1,0
16047,199,1999-01-01,2000-05-06,0,0
40781,200,1999-01-01,2999-01-01,0,0
21650,201,1999-01-01,2001-09-27,0,0
35641,202,1999-01-01,2000-12-03,0,0
25466,203,1999-01-01,2001-05-19,0,0
31869,204,1999-01-01,2001-04-28,0,0
13388,205,1999-01-01,2002-08-15,1,0
30549,206,1999-01-01,2001-09-17,0,0
27470,207,1999-01-01,2000-08-05,1,0
42271,208,1999-01-01,2999-01-01,0,0
33495,209,1999-01-01,2000-02-08,0,0
21500,210,1999-01-01,1999-10-05,0,0
15476,211,1999-01-01,2999-01-01,0,0
30079,212,1999-01-01,2001-02-14,0,0
39636,213,1999-01-01,2000-12-09,0,0
33923,214,1999-01-01,2001-05-07,0,0
1359,215,1999-01-01,2000-03-23,0,0
43678,216,1999-01-01,2999-01-01,0,0
29408,217,1999-01-01,1999-08-30,0,0
25258,218,1999-01-01,2001-11-07,0,0
31975,219,1999-01-01,2002-03-18,0,0
36723,220,1999-01-01,2001-12-07,0,0
27651,221,1999-01-01,2001-07-06,0,0
6191,222,1999-01-01,2000-07-07,0,0
18858,223,1999-01-01,2999-01-01,0,0
44449,224,1999-01-01,2002-03-17,0,0
4383,225,1999-01-01,2001-03-21,0,0
25850,226,1999-01-01,2001-08-04,0,0
32381,227,1999-01-01,1999-07-25,0,0
39400,228,1999-01-01,2999-01-01,0,0
17660,229,1999-01-01,2000-10-18,0,0
5070,230,1999-01-01,2001-06-23,0,0
9497,231,1999-01-01,2000-11-28,0,0
37199,232,1999-01-01,1999-07-11,0,0
10085,233,1999-01-01,2002-06-26,0,0
42408,234,1999-01-01,2000-10-28,1,0
3509,235,1999-01-01,2001-07-05,0,0
16624,236,1999-01-01,2999-01-01,0,0
12393,237,1999-01-01,2002-02-06,0,0
26779,238,1999-01-01,2001-10-02,0,0
10469,239,1999-01-01,2001-11-28,0,0
44275,240,1999-01-01,2000-01-19,0,0
20746,241,1999-01-01,1999-10-08,0,0
25251,242,1999-01-01,2002-08-20,1,0
23478,243,1999-01-01,2000-08-09,0,0
38835,244,1999-01-01,2000-09-06,0,0
6149,245,1999-01-01,2000-02-13,0,0
37051,246,1999-01-01,2999-01-01,0,0
2496,247,1999-01-01,2001-08-12,0,0
22559,248,1999-01-01,2002-11-26,0,0
20152,249,1999-01-01,2002-06-21,1,0
39528,250,1999-01-01,2001-01-12,0,0
20177,251,1999-01-01,2000-06-14,0,0
14960,252,1999-01-01,2002-11-10,0,0
5107,253,1999-01-01,2999-01-01,0,0
19926,254,1999-01-01,2002-06-04,0,0
41519,255,1999-01-01,2002-12-23,0,0
16618,256,1999-01-01,2000-04-06,1,0
34834,257,1999-01-01,2999-01-01,0,0
2014,258,1999-01-01,2000-04-30,0,0
40761,259,1999-01-01,2001-08-24,0,0
19689,260,1999-01-01,2000-06-06,0,0
6704,261,1999-01-01,2000-01-25,1,0
16216,262,1999-01-01,2002-07-29,0,0
20569,263,1999-01-01,2001-04-25,1,0
16347,264,1999-01-01,2001-02-26,1,0
41676,265,1999-01-01,2002-02-14,0,0
30288,266,1999-01-01,2999-01-01,0,0
2481,267,1999-01-01,2002-12-11,0,0
12364,268,1999-01-01,2000-05-03,0,0
17219,269,1999-01-01,2000-09-18,0,0
19112,270,1999-01-01,2001-11-16,0,0
40053,271,1999-01-01,2001-07-11,1,0
22823,272,1999-01-01,2001-07-09,1,0
29871,273,1999-01-01,2001-06-27,0,0
5600,274,1999-01-01,2000-09-29,0,0
35842,275,1999-01-01,2001-12-16,1,0
22028,276,1999-01-01,2000-08-08,1,0
34382,277,1999-01-01,2999-01-01,0,0
41925,278,1999-01-01,2000-07-10,0,0
16959,279,1999-01-01,2002-04-04,0,0
20561,280,1999-01-01,2000-12-10,0,0
29524,281,1999-01-01,2001-05-04,0,0
7506,282,1999-01-01,2001-09-01,0,0
33926,283,1999-01-01,2002-06-22,0,0
39391,284,1999-01-01,2002-07-14,1,0
33530,285,1999-01-01,2999-01-01,0,0
8968,286,1999-01-01,2001-02-08,0,0
41833,287,1999-01-01,2002-06-06,0,0
25172,288,1999-01-01,2999-01-01,0,0
22497,289,1999-01-01,2001-01-04,0,0
39249,290,1999-01-01,2999-01-01,0,0
2597,291,1999-01-01,2002-12-06,0,0
36734,292,1999-01-01,2999-01-01,0,0
37147,293,1999-01-01,2000-01-18,0,0
16051,294,1999-01-01,2000-03-22,0,0
36079,295,1999-01-01,2002-08-10,0,0
11595,296,1999-01-01,2001-01-02,0,0
18753,297,1999-01-01,2999-01-01,0,0
20482,298,1999-01-01,2000-02-04,0,0
15609,299,1999-01-01,1999-10-05,0,0
5844,300,1999-01-01,2000-02-07,0,0
27477,301,1999-01-01,1999-12-14,0,0
20922,302,1999-01-01,2999-01-01,0,0
16933,303,1999-01-01,2000-06-12,0,0
15355,304,1999-01-01,2001-10-20,0,0
26397,305,1999-01-01,2001-08-24,1,0
37776,306,1999-01-01,2000-05-28,1,0
7601,307,1999-01-01,2000-06-05,1,0
3225,308,1999-01-01,2000-09-13,0,0
1044,309,1999-01-01,2001-05-20,0,0
7198,310,1999-01-01,2002-04-02,0,0
11899,311,1999-01-01,2999-01-01,0,0
43278,312,1999-01-01,1999-11-16,0,0
35584,313,1999-01-01,2002-01-22,0,0
19597,314,1999-01-01,2001-01-02,0,0
5690,315,1999-01-01,2002-10-18,0,0
38227,316,1999-01-01,2002-07-10,0,0
24313,317,1999-01-01,2001-11-24,0,0
11676,318,1999-01-01,2001-01-11,0,0
16917,319,1999-01-01,2002-04-24,1,0
42960,320,1999-01-01,2001-05-25,1,0
2053,321,1999-01-01,2000-10-04,0,0
18289,322,1999-01-01,2999-01-01,0,0
35718,323,1999-01-01,2001-09-03,0,0
34558,324,1999-01-01,2000-08-31,0,0
20052,325,1999-01-01,2002-04-13,0,0
35959,326,1999-01-01,2001-04-28,0,0
25978,327,1999-01-01,2999-01-01,0,0
33857,328,1999-01-01,2002-07-07,0,0
25201,329,1999-01-01,2001-12-25,0,0
31927,330,1999-01-01,2999-01-01,0,0
41131,331,1999-01-01,2002-11-09,0,0
22611,332,1999-01-01,2001-10-24,0,0
33094,333,1999-01-01,2000-12-11,0,0
27967,334,1999-01-01,1999-08-12,1,0
17739,335,1999-01-01,2999-01-01,0,0
470,336,1999-01-01,2000-06-13,0,0
39234,337,1999-01-01,2000-11-18,0,0
31986,338,1999-01-01,2001-04-25,0,0
27302,339,1999-01-01,2001-02-14,0,0
5397,340,1999-01-01,2000-08-28,1,0
23488,341,1999-01-01,2000-12-28,0,0
10294,342,1999-01-01,2999-01-01,0,0
22143,343,1999-01-01,2000-07-02,0,0
22798,344,1999-01-01,2001-07-05,1,0
37562,345,1999-01-01,2000-06-23,0,0
5351,346,1999-01-01,2000-09-26,0,0
26028,347,1999-01-01,2000-12-23,0,0
17376,348,1999-01-01,2000-02-15,1,0
32990,349,1999-01-01,1999-12-10,0,0
38254,350,1999-01-01,2999-01-01,0,0
20905,351,1999-01-01,2002-08-13,0,0
7450,352,1999-01-01,2999-01-01,0,0
35722,353,1999-01-01,2000-12-11,0,0
32142,354,1999-01-01,2001-10-16,1,0
3841,355,1999-01-01,2001-05-10,0,0
37057,356,1999-01-01,2001-11-24,1,0
33240,357,1999-01-01,2001-08-02,0,0
20391,358,1999-01-01,2001-09-06,0,0
33814,359,1999-01-01,2999-01-01,0,0
24908,360,1999-01-01,2999-01-01,0,0
38424,361,1999-01-01,2000-12-22,1,0
41313,362,1999-01-01,2002-03-16,1,0
42300,363,1999-01-01,2000-07-18,0,0
4079,364,1999-01-01,2001-02-09,1,0
23633,365,1999-01-01,2000-10-15,1,0
4778,366,1999-01-01,2999-01-01,0,0
28784,367,1999-01-01,2999-01-01,0,0
38868,368,1999-01-01,2001-04-15,0,0
40116,369,1999-01-01,2002-09-15,0,0
14276,370,1999-01-01,2000-01-01,0,0
7413,371,1999-01-01,2000-12-31,0,0
9922,372,1999-01-01,2000-05-06,0,0
18708,373,1999-01-01,2001-12-19,0,0
2214,374,1999-01-01,2000-12-17,1,0
3491,375,1999-01-01,2001-12-02,1,0
29078,376,1999-01-01,2000-07-02,0,0
727,377,1999-01-01,2000-03-18,0,0
3273,378,1999-01-01,2000-07-26,0,0
9994,379,1999-01-01,2001-06-19,0,0
6172,380,1999-01-01,2000-09-08,0,0
1833,381,1999-01-01,2000-09-15,0,0
17110,382,1999-01-01,2001-01-16,0,0
37733,383,1999-01-01,2001-04-27,0,0
7586,384,1999-01-01,2999-01-01,0,0
26999,385,1999-01-01,2000-12-11,0,0
6302,386,1999-01-01,2000-06-11,0,0
6872,387,1999-01-01,2001-10-08,0,0
38360,388,1999-01-01,2002-11-16,0,0
26312,389,1999-01-01,2001-11-10,1,0
36874,390,1999-01-01,2002-05-17,0,0
818,391,1999-01-01,2999-01-01,0,0
1388,392,1999-01-01,2002-02-25,1,0
28882,393,1999-01-01,2001-09-14,0,0
11370,394,1999-01-01,2999-01-01,0,0
27424,395,1999-01-01,2999-01-01,0,0
32053,396,1999-01-01,2001-03-13,0,0
36916,397,1999-01-01,2001-01-14,0,0
36078,398,1999-01-01,2000-09-17,0,0
2290,399,1999-01-01,2000-05-13,0,0
34276,400,1999-01-01,2002-05-30,0,0
15542,401,1999-01-01,1999-08-24,0,0
35115,402,1999-01-01,2001-01-28,0,0
23621,403,1999-01-01,2001-06-09,0,0
35844,404,1999-01-01,2000-06-12,0,0
3657,405,1999-01-01,1999-09-13,0,0
17598,406,1999-01-01,2000-03-15,0,0
13031,407,1999-01-01,2001-07-04,0,0
2794,408,1999-01-01,2000-12-26,0,0
4364,409,1999-01-01,2001-01-28,0,0
39626,410,1999-01-01,2000-10-27,0,0
33110,411,1999-01-01,2999-01-01,0,0
9752,412,1999-01-01,2999-01-01,0,0
43389,413,1999-01-01,2999-01-01,0,0
36741,414,1999-01-01,2001-09-02,0,0
37351,415,1999-01-01,2002-04-26,0,0
31122,416,1999-01-01,2001-03-01,0,0
15351,417,1999-01-01,2002-04-13,1,0
11548,418,1999-01-01,2001-08-27,0,0
4821,419,1999-01-01,1999-12-10,1,0
29740,420,1999-01-01,2999-01-01,0,0
11845,421,1999-01-01,2999-01-01,0,0
13650,422,1999-01-01,2000-01-20,0,0
42830,423,1999-01-01,2002-02-21,0,0
27174,424,1999-01-01,2999-01-01,0,0
38021,425,1999-01-01,1999-11-11,0,0
39643,426,1999-01-01,2002-04-06,0,0
24521,427,1999-01-01,2001-04-22,0,0
44249,428,1999-01-01,2002-03-22,0,0
4407,429,1999-01-01,2001-08-26,0,0
3195,430,1999-01-01,2002-10-07,0,0
25605,431,1999-01-01,2999-01-01,0,0
24131,432,1999-01-01,2002-03-27,0,0
2808,433,1999-01-01,2002-07-18,0,0
12080,434,1999-01-01,2001-02-04,0,0
23673,435,1999-01-01,2000-04-30,0,0
31174,436,1999-01-01,2001-03-12,0,0
7368,437,1999-01-01,2000-12-08,1,0
31391,438,1999-01-01,2001-10-16,0,0
35190,439,1999-01-01,2002-12-31,0,0
37707,440,1999-01-01,2999-01-01,0,0
37484,441,1999-01-01,2002-08-26,0,0
29325,442,1999-01-01,2000-01-18,0,0
8076,443,1999-01-01,2001-12-30,0,0
37197,444,1999-01-01,2000-02-17,0,0
25972,445,1999-01-01,2002-04-30,0,0
30671,446,1999-01-01,2999-01-01,0,0
29147,447,1999-01-01,2001-10-18,0,0
13092,448,1999-01-01,2000-10-16,1,0
963,449,1999-01-01,2000-11-05,0,0
11475,450,1999-01-01,2001-01-17,0,0
20996,451,1999-01-01,2001-01-11,0,0
13773,452,1999-01-01,2000-04-22,0,0
36143,453,1999-01-01,2001-07-11,0,0
34668,454,1999-01-01,2000-07-16,1,0
35598,455,1999-01-01,2999-01-01,0,0
23927,456,1999-01-01,2000-08-04,0,0
20238,457,1999-01-01,2000-02-18,1,0
354,458,1999-01-01,2999-01-01,0,0
43142,459,1999-01-01,2002-02-08,0,0
23123,460,1999-01-01,2002-05-20,1,0
26154,461,1999-01-01,2000-06-23,0,0
30289,462,1999-01-01,1999-07-06,0,0
26366,463,1999-01-01,2001-11-01,1,0
102,464,1999-01-01,2002-11-21,0,0
3762,465,1999-01-01,2002-01-05,0,0
41171,466,1999-01-01,2999-01-01,0,0
21795,467,1999-01-01,2000-03-16,0,0
28058,468,1999-01-01,2001-06-25,0,0
39974,469,1999-01-01,2999-01-01,0,0
15166,470,1999-01-01,2999-01-01,0,0
6824,471,1999-01-01,1999-12-10,1,0
44066,472,1999-01-01,2001-08-30,0,0
3654,473,1999-01-01,2001-01-03,0,0
30089,474,1999-01-01,2000-08-27,0,0
34462,475,1999-01-01,2002-02-11,0,0
23285,476,1999-01-01,2002-11-01,0,0
10595,477,1999-01-01,2001-08-20,0,0
8865,478,1999-01-01,1999-10-04,0,0
29145,479,1999-01-01,2000-06-21,0,0
17464,480,1999-01-01,2001-06-10,1,0
12930,481,1999-01-01,2001-08-09,0,0
2753,482,1999-01-01,2999-01-01,0,0
29514,483,1999-01-01,2001-05-09,1,0
10327,484,1999-01-01,2001-05-17,0,0
11655,485,1999-01-01,2000-08-06,0,0
8749,486,1999-01-01,2000-06-15,1,0
23512,487,1999-01-01,2000-10-10,0,0
36796,488,1999-01-01,1999-09-24,0,0
8774,489,1999-01-01,2002-06-19,0,0
593,490,1999-01-01,2000-08-31,0,0
25707,491,1999-01-01,2000-09-05,1,0
23402,492,1999-01-01,1999-11-27,0,0
34011,493,1999-01-01,1999-11-14,0,0
32578,494,1999-01-01,2000-11-10,0,0
34336,495,1999-01-01,2000-11-19,0,0
8504,496,1999-01-01,2000-11-06,0,0
40374,497,1999-01-01,1999-11-14,0,0
44719,498,1999-01-01,2999-01-01,0,0
29628,499,1999-01-01,2000-06-10,0,0
9627,500,1999-01-01,2001-03-10,0,0
14199,501,1999-01-01,2001-12-23,0,0
27725,502,1999-01-01,1999-09-07,0,0
18613,503,1999-01-01,2001-05-19,0,0
9476,504,1999-01-01,2000-04-18,0,0
1286,505,1999-01-01,2002-08-05,0,0
23574,506,1999-01-01,2000-11-22,0,0
44643,507,1999-01-01,2001-05-10,0,0
16794,508,1999-01-01,2001-06-29,0,0
9588,509,1999-01-01,1999-05-08,0,0
20795,510,1999-01-01,2001-11-04,1,0
39068,511,1999-01-01,1999-11-06,0,0
30944,512,1999-01-01,2002-08-16,0,0
29917,513,1999-01-01,2001-05-26,0,0
8301,514,1999-01-01,1999-10-05,0,0
9796,515,1999-01-01,2001-11-20,0,0
37685,516,1999-01-01,2999-01-01,0,0
29319,517,1999-01-01,2999-01-01,0,0
1122,518,1999-01-01,2999-01-01,0,0
9628,519,1999-01-01,2001-06-27,0,0
2185,520,1999-01-01,2001-01-19,0,0
31136,521,1999-01-01,2999-01-01,0,0
35230,522,1999-01-01,2001-08-02,0,0
17671,523,1999-01-01,2001-05-05,0,0
33833,524,1999-01-01,2000-06-02,1,0
29509,525,1999-01-01,1999-12-17,0,0
12289,526,1999-01-01,2000-02-11,0,0
36763,527,1999-01-01,2002-02-14,0,0
21538,528,1999-01-01,2000-04-30,0,0
39443,529,1999-01-01,2999-01-01,0,0
9739,530,1999-01-01,2001-03-21,0,0
19116,531,1999-01-01,2000-09-27,1,0
18128,532,1999-01-01,2000-08-25,0,0
27215,533,1999-01-01,2000-11-29,0,0
17002,534,1999-01-01,2000-11-23,0,0
6922,535,1999-01-01,2001-01-03,0,0
22701,536,1999-01-01,2001-12-19,0,0
3301,537,1999-01-01,2001-06-22,0,0
900,538,1999-01-01,2001-12-22,0,0
10631,539,1999-01-01,2999-01-01,0,0
35898,540,1999-01-01,2002-05-15,0,0
29317,541,1999-01-01,2001-12-16,1,0
28912,542,1999-01-01,2001-11-01,0,0
10313,543,1999-01-01,2001-10-25,0,0
78,544,1999-01-01,2000-02-11,0,0
39989,545,1999-01-01,2000-10-29,0,0
30637,546,1999-01-01,2000-07-23,0,0
17609,547,1999-01-01,1999-10-03,0,0
20664,548,1999-01-01,2999-01-01,0,0
32390,549,1999-01-01,2999-01-01,0,0
16012,550,1999-01-01,2999-01-01,0,0
31708,551,1999-01-01,2001-01-28,1,0
19599,552,1999-01-01,2000-12-02,0,0
38454,553,1999-01-01,2001-04-21,0,0
6978,554,1999-01-01,2999-01-01,0,0
27978,555,1999-01-01,2999-01-01,0,0
44813,556,1999-01-01,2999-01-01,0,0
35524,557,1999-01-01,2002-01-10,0,0
21152,558,1999-01-01,2001-03-24,0,0
28442,559,1999-01-01,2001-05-14,0,0
35140,560,1999-01-01,2002-02-02,0,0
40876,561,1999-01-01,2000-07-31,0,0
29829,562,1999-01-01,2000-01-20,0,0
3072,563,1999-01-01,2000-12-27,1,0
42472,564,1999-01-01,2002-02-25,0,0
29697,565,1999-01-01,2001-02-10,0,0
41814,566,1999-01-01,2000-02-11,1,0
7814,567,1999-01-01,2002-05-25,0,0
212,568,1999-01-01,2000-08-30,0,0
23568,569,1999-01-01,2001-09-20,0,0
15844,570,1999-01-01,1999-08-14,0,0
44909,571,1999-01-01,2001-10-11,0,0
5341,572,1999-01-01,2002-06-08,0,0
27826,573,1999-01-01,2000-07-23,0,0
11140,574,1999-01-01,2999-01-01,0,0
25952,575,1999-01-01,2001-07-20,1,0
5398,576,1999-01-01,2999-01-01,0,0
15521,577,1999-01-01,1999-09-20,0,0
19502,578,1999-01-01,2000-10-29,0,0
8322,579,1999-01-01,2999-01-01,0,0
44539,580,1999-01-01,2002-06-03,0,0
27556,581,1999-01-01,2000-07-19,1,0
28765,582,1999-01-01,2000-06-02,0,0
19357,583,1999-01-01,2001-08-19,0,0
8938,584,1999-01-01,2999-01-01,0,0
41781,585,1999-01-01,2002-08-16,0,0
43633,586,1999-01-01,2001-01-22,0,0
15777,587,1999-01-01,2002-09-30,0,0
31978,588,1999-01-01,2001-07-12,0,0
32161,589,1999-01-01,2001-04-28,1,0
34156,590,1999-01-01,2000-08-01,0,0
36646,591,1999-01-01,2999-01-01,0,0
6613,592,1999-01-01,2000-04-15,0,0
18494,593,1999-01-01,1999-05-18,0,0
1072,594,1999-01-01,2002-11-11,0,0
14825,595,1999-01-01,2000-09-14,0,0
7658,596,1999-01-01,1999-11-03,0,0
43345,597,1999-01-01,2999-01-01,0,0
10137,598,1999-01-01,1999-12-19,0,0
14383,599,1999-01-01,2002-01-05,1,0
2812,600,1999-01-01,2999-01-01,0,0
22243,601,1999-01-01,2999-01-01,0,0
20852,602,1999-01-01,2000-04-03,0,0
27170,603,1999-01-01,1999-10-11,0,0
6875,604,1999-01-01,2002-03-16,0,0
11661,605,1999-01-01,2000-12-16,0,0
34664,606,1999-01-01,2000-04-18,0,0
7471,607,1999-01-01,2000-08-27,0,0
10380,608,1999-01-01,2002-05-01,0,0
613,609,1999-01-01,1999-07-10,1,0
25907,610,1999-01-01,1999-10-13,0,0
32039,611,1999-01-01,2000-07-16,1,0
4634,612,1999-01-01,2001-05-23,1,0
4963,613,1999-01-01,2001-02-18,0,0
11887,614,1999-01-01,2999-01-01,0,0
8170,615,1999-01-01,2999-01-01,0,0
27128,616,1999-01-01,2999-01-01,0,0
31054,617,1999-01-01,2001-01-01,0,0
549,618,1999-01-01,2001-10-09,0,0
9665,619,1999-01-01,2001-05-01,0,0
13471,620,1999-01-01,2001-04-15,0,0
44747,621,1999-01-01,2000-06-29,0,0
40096,622,1999-01-01,2002-04-01,0,0
10335,623,1999-01-01,2000-06-08,1,0
25314,624,1999-01-01,2000-09-20,0,0
35506,625,1999-01-01,2001-05-07,0,0
37234,626,1999-01-01,2001-07-01,0,0
23531,627,1999-01-01,2000-04-17,0,0
25055,628,1999-01-01,1999-12-02,0,0
33102,629,1999-01-01,2999-01-01,0,0
39136,630,1999-01-01,2000-01-13,0,0
12096,631,1999-01-01,2001-12-24,0,0
18502,632,1999-01-01,2002-06-19,0,0
41766,633,1999-01-01,2002-10-01,0,0
19565,634,1999-01-01,2000-11-01,0,0
33668,635,1999-01-01,1999-12-31,0,0
22090,636,1999-01-01,2999-01-01,0,0
6048,637,1999-01-01,2001-07-16,0,0
32054,638,1999-01-01,2002-05-19,0,0
18654,639,1999-01-01,2001-07-30,0,0
28843,640,1999-01-01,2000-01-20,0,0
25346,641,1999-01-01,2001-05-16,0,0
32827,642,1999-01-01,2000-04-17,0,0
2983,643,1999-01-01,2001-07-16,0,0
34881,644,1999-01-01,2001-07-06,0,0
14998,645,1999-01-01,2000-04-22,1,0
37753,646,1999-01-01,2001-04-25,0,0
25493,647,1999-01-01,2002-01-07,1,0
33610,648,1999-01-01,2000-08-18,0,0
25720,649,1999-01-01,2000-06-21,0,0
33757,650,1999-01-01,2002-08-06,0,0
38967,651,1999-01-01,2001-07-11,0,0
39553,652,1999-01-01,2999-01-01,0,0
29367,653,1999-01-01,2000-11-06,1,0
5637,654,1999-01-01,2000-04-30,0,0
9649,655,1999-01-01,1999-11-08,1,0
40815,656,1999-01-01,1999-11-16,0,0
11894,657,1999-01-01,2002-12-04,0,0
30170,658,1999-01-01,2000-11-24,0,0
9547,659,1999-01-01,2000-09-06,0,0
3354,660,1999-01-01,2002-11-08,0,0
3243,661,1999-01-01,2999-01-01,0,0
3460,662,1999-01-01,2001-11-08,1,0
23957,663,1999-01-01,1999-12-07,0,0
36678,664,1999-01-01,2999-01-01,0,0
8843,665,1999-01-01,2000-09-20,0,0
40218,666,1999-01-01,1999-04-18,0,0
12851,667,1999-01-01,2000-05-09,1,0
28279,668,1999-01-01,2001-03-19,0,0
6241,669,1999-01-01,2001-05-27,0,0
7000,670,1999-01-01,2999-01-01,0,0
9753,671,1999-01-01,2999-01-01,0,0
39070,672,1999-01-01,2002-04-15,1,0
39150,673,1999-01-01,2001-02-13,0,0
6118,674,1999-01-01,1999-10-18,0,0
13268,675,1999-01-01,2000-04-17,1,0
3653,676,1999-01-01,2002-07-18,0,0
29262,677,1999-01-01,2002-10-13,1,0
39006,678,1999-01-01,2999-01-01,0,0
38015,679,1999-01-01,2999-01-01,0,0
26956,680,1999-01-01,2001-04-17,0,0
11532,681,1999-01-01,2000-12-10,0,0
29306,682,1999-01-01,2001-05-21,1,0
42363,683,1999-01-01,2001-02-13,1,0
8914,684,1999-01-01,2001-07-08,0,0
5172,685,1999-01-01,2999-01-01,0,0
35260,686,1999-01-01,2000-06-22,0,0
36367,687,1999-01-01,2999-01-01,0,0
42665,688,1999-01-01,2002-11-09,0,0
7106,689,1999-01-01,2000-01-10,1,0
23119,690,1999-01-01,2002-10-19,0,0
42034,691,1999-01-01,2001-10-15,0,0
37092,692,1999-01-01,1999-12-14,0,0
28142,693,1999-01-01,2000-05-11,0,0
20732,694,1999-01-01,2002-02-17,1,0
40017,695,1999-01-01,2001-02-04,0,0
9260,696,1999-01-01,2000-10-19,1,0
19857,697,1999-01-01,2000-11-20,0,0
32785,698,1999-01-01,2002-04-10,0,0
23149,699,1999-01-01,2999-01-01,0,0
37900,700,1999-01-01,1999-07-27,0,0
33645,701,1999-01-01,2001-01-25,0,0
31596,702,1999-01-01,2999-01-01,0,0
39898,703,1999-01-01,2000-11-10,1,0
39727,704,1999-01-01,2001-11-11,0,0
29282,705,1999-01-01,2002-01-12,0,0
31098,706,1999-01-01,2000-12-05,0,0
8243,707,1999-01-01,2002-01-10,0,0
6673,708,1999-01-01,2001-06-20,0,0
19451,709,1999-01-01,2001-07-31,0,0
30381,710,1999-01-01,2999-01-01,0,0
27395,711,1999-01-01,2001-12-15,0,0
40083,712,1999-01-01,2999-01-01,0,0
10924,713,1999-01-01,2002-03-24,0,0
13520,714,1999-01-01,2000-07-14,0,0
24645,715,1999-01-01,2001-05-29,0,0
20416,716,1999-01-01,2002-01-08,0,0
23318,717,1999-01-01,2999-01-01,0,0
37445,718,1999-01-01,1999-12-31,0,0
29283,719,1999-01-01,2999-01-01,0,0
35364,720,1999-01-01,2001-10-01,0,0
12271,721,1999-01-01,2999-01-01,0,0
24606,722,1999-01-01,1999-12-28,0,0
19553,723,1999-01-01,2002-03-18,0,0
30353,724,1999-01-01,2001-05-02,0,0
2382,725,1999-01-01,2000-10-28,0,0
1461,726,1999-01-01,2001-10-01,0,0
41577,727,1999-01-01,2000-07-21,0,0
2584,728,1999-01-01,2002-06-13,0,0
1976,729,1999-01-01,2000-02-05,1,0
2559,730,1999-01-01,2001-06-19,0,0
1020,731,1999-01-01,2001-04-20,1,0
8207,732,1999-01-01,2000-10-06,0,0
19591,733,1999-01-01,2002-01-22,1,0
30752,734,1999-01-01,2999-01-01,0,0
17954,735,1999-01-01,2999-01-01,0,0
8715,736,1999-01-01,2001-09-14,0,0
37181,737,1999-01-01,2001-01-01,0,0
34916,738,1999-01-01,2999-01-01,0,0
13314,739,1999-01-01,2999-01-01,0,0
1668,740,1999-01-01,1999-10-13,0,0
27964,741,1999-01-01,2000-07-29,0,0
10002,742,1999-01-01,2000-03-25,1,0
12945,743,1999-01-01,2001-01-18,0,0
37391,744,1999-01-01,2999-01-01,0,0
11216,745,1999-01-01,2001-02-13,0,0
20675,746,1999-01-01,2999-01-01,0,0
42685,747,1999-01-01,2001-05-30,0,0
12260,748,1999-01-01,2001-02-21,0,0
4035,749,1999-01-01,2001-07-09,0,0
39410,750,1999-01-01,1999-07-31,1,0
38007,751,1999-01-01,2000-11-30,0,0
19176,752,1999-01-01,2000-07-31,0,0
44724,753,1999-01-01,2002-08-07,0,0
43964,754,1999-01-01,2999-01-01,0,0
44092,755,1999-01-01,2999-01-01,0,0
40114,756,1999-01-01,2000-06-20,0,0
42781,757,1999-01-01,2999-01-01,0,0
15232,758,1999-01-01,2000-06-23,0,0
4757,759,1999-01-01,2999-01-01,0,0
21208,760,1999-01-01,2002-09-12,0,0
11316,761,1999-01-01,2000-07-07,0,0
34565,762,1999-01-01,1999-03-17,0,0
24420,763,1999-01-01,2002-02-08,0,0
19482,764,1999-01-01,2001-08-07,0,0
4777,765,1999-01-01,2999-01-01,0,0
14248,766,1999-01-01,2002-04-30,0,0
17209,767,1999-01-01,2001-11-01,0,0
3906,768,1999-01-01,2000-06-27,0,0
11990,769,1999-01-01,2000-08-13,0,0
17956,770,1999-01-01,1999-12-09,0,0
12006,771,1999-01-01,2999-01-01,0,0
9696,772,1999-01-01,2001-01-20,0,0
1527,773,1999-01-01,2999-01-01,0,0
29545,774,1999-01-01,2002-01-25,0,0
22874,775,1999-01-01,2999-01-01,0,0
33445,776,1999-01-01,2001-01-11,0,0
2976,777,1999-01-01,2001-03-16,0,0
42874,778,1999-01-01,2999-01-01,0,0
9931,779,1999-01-01,2000-05-08,0,0
11544,780,1999-01-01,2000-06-04,1,0
15280,781,1999-01-01,1999-08-18,0,0
18324,782,1999-01-01,1999-11-01,0,0
17768,783,1999-01-01,2001-03-01,0,0
39971,784,1999-01-01,2000-11-18,0,0
4071,785,1999-01-01,2001-03-20,0,0
19040,786,1999-01-01,2001-07-23,0,0
35322,787,1999-01-01,2002-03-30,0,0
31296,788,1999-01-01,2000-07-21,0,0
32842,789,1999-01-01,2001-02-27,0,0
5744,790,1999-01-01,2001-09-12,0,0
10519,791,1999-01-01,2999-01-01,0,0
17418,792,1999-01-01,2000-10-26,1,0
38751,793,1999-01-01,2000-04-12,0,0
2162,794,1999-01-01,2000-05-22,1,0
37163,795,1999-01-01,2000-01-08,0,0
5651,796,1999-01-01,2001-06-09,0,0
9830,797,1999-01-01,2000-06-16,1,0
42924,798,1999-01-01,2001-11-23,0,0
11515,799,1999-01-01,2001-12-31,0,0
12321,800,1999-01-01,2999-01-01,0,0
40417,801,1999-01-01,2000-06-07,0,0
26861,802,1999-01-01,2999-01-01,0,0
15890,803,1999-01-01,2000-03-13,0,0
16364,804,1999-01-01,2001-05-25,0,0
3815,805,1999-01-01,2000-12-21,0,0
16539,806,1999-01-01,2000-07-09,0,0
18346,807,1999-01-01,1999-09-22,0,0
2224,808,1999-01-01,2001-12-19,1,0
40739,809,1999-01-01,2999-01-01,0,0
20893,810,1999-01-01,2002-12-26,0,0
6323,811,1999-01-01,2002-03-20,0,0
10534,812,1999-01-01,2000-06-23,0,0
13507,813,1999-01-01,2001-02-06,0,0
3095,814,1999-01-01,2002-06-22,0,0
36901,815,1999-01-01,2000-05-05,1,0
11086,816,1999-01-01,2001-03-24,0,0
6631,817,1999-01-01,2002-01-01,0,0
19948,818,1999-01-01,2002-01-28,0,0
35704,819,1999-01-01,2999-01-01,0,0
12498,820,1999-01-01,2000-04-30,0,0
35339,821,1999-01-01,1999-11-15,0,0
34629,822,1999-01-01,2001-10-17,1,0
19006,823,1999-01-01,2999-01-01,0,0
17522,824,1999-01-01,2001-09-02,0,0
23118,825,1999-01-01,2999-01-01,0,0
12456,826,1999-01-01,2002-05-31,0,0
32745,827,1999-01-01,2001-08-15,0,0
32461,828,1999-01-01,2000-07-12,0,0
14958,829,1999-01-01,2002-11-30,0,0
21771,830,1999-01-01,2001-05-30,1,0
39236,831,1999-01-01,1999-12-01,0,0
6862,832,1999-01-01,2001-02-02,0,0
25641,833,1999-01-01,2002-07-29,1,0
10270,834,1999-01-01,2001-11-05,0,0
24702,835,1999-01-01,2000-05-04,0,0
25958,836,1999-01-01,2000-01-06,1,0
14341,837,1999-01-01,1999-07-18,0,0
11260,838,1999-01-01,2001-11-01,0,0
22490,839,1999-01-01,2002-12-11,0,0
29675,840,1999-01-01,2000-10-04,0,0
2255,841,1999-01-01,2000-12-01,0,0
14277,842,1999-01-01,2999-01-01,0,0
459,843,1999-01-01,2999-01-01,0,0
11587,844,1999-01-01,2000-02-01,0,0
38158,845,1999-01-01,2999-01-01,0,0
18442,846,1999-01-01,2000-10-08,1,0
21610,847,1999-01-01,2000-12-12,1,0
30318,848,1999-01-01,2000-03-21,0,0
16081,849,1999-01-01,2002-11-22,0,0
24900,850,1999-01-01,2000-12-17,0,0
13042,851,1999-01-01,2001-10-25,0,0
9365,852,1999-01-01,2002-08-02,0,0
41742,853,1999-01-01,2001-10-16,1,0
5090,854,1999-01-01,2001-07-02,1,0
27137,855,1999-01-01,2001-08-05,0,0
23903,856,1999-01-01,2000-11-29,0,0
23951,857,1999-01-01,2002-02-27,0,0
14663,858,1999-01-01,2000-09-03,0,0
37021,859,1999-01-01,2001-05-05,0,0
10800,860,1999-01-01,2002-04-07,0,0
38063,861,1999-01-01,1999-04-21,0,0
20898,862,1999-01-01,2000-08-26,0,0
11078,863,1999-01-01,2999-01-01,0,0
29761,864,1999-01-01,2999-01-01,0,0
42862,865,1999-01-01,2000-12-11,1,0
39201,866,1999-01-01,2002-06-07,0,0
34047,867,1999-01-01,2999-01-01,0,0
39526,868,1999-01-01,2001-04-19,0,0
19762,869,1999-01-01,2999-01-01,0,0
41196,870,1999-01-01,2002-08-04,1,0
18527,871,1999-01-01,2000-07-13,1,0
35145,872,1999-01-01,2002-09-26,0,0
42795,873,1999-01-01,1999-10-28,0,0
5012,874,1999-01-01,2002-06-29,0,0
3749,875,1999-01-01,2000-08-22,0,0
19468,876,1999-01-01,1999-07-31,0,0
37441,877,1999-01-01,2000-07-15,0,0
20096,878,1999-01-01,2000-09-03,0,0
20038,879,1999-01-01,2001-06-04,1,0
10163,880,1999-01-01,2001-04-07,0,0
24087,881,1999-01-01,2000-04-08,0,0
42508,882,1999-01-01,2002-03-30,0,0
41868,883,1999-01-01,2999-01-01,0,0
32779,884,1999-01-01,2001-02-22,0,0
6770,885,1999-01-01,2999-01-01,0,0
37744,886,1999-01-01,2999-01-01,0,0
10630,887,1999-01-01,2001-06-09,0,0
40527,888,1999-01-01,2000-08-20,0,0
38485,889,1999-01-01,2001-04-10,0,0
29293,890,1999-01-01,2001-06-12,0,0
31326,891,1999-01-01,2001-11-16,1,0
28790,892,1999-01-01,2999-01-01,0,0
27434,893,1999-01-01,2002-02-19,0,0
7176,894,1999-01-01,2002-04-26,0,0
36693,895,1999-01-01,2000-10-24,1,0
21327,896,1999-01-01,1999-12-24,0,0
25859,897,1999-01-01,2001-12-11,0,0
31612,898,1999-01-01,2000-10-23,0,0
12021,899,1999-01-01,2001-10-01,0,0
44922,900,1999-01-01,2999-01-01,0,0
44628,901,1999-01-01,2000-10-29,0,0
36400,902,1999-01-01,2000-03-16,0,0
35445,903,1999-01-01,2999-01-01,0,0
3872,904,1999-01-01,2000-06-21,1,0
2138,905,1999-01-01,2001-01-29,1,0
39328,906,1999-01-01,2000-10-16,1,0
25881,907,1999-01-01,2999-01-01,0,0
37198,908,1999-01-01,2000-04-27,0,0
5206,909,1999-01-01,2999-01-01,0,0
16883,910,1999-01-01,2001-01-17,0,0
38541,911,1999-01-01,2002-04-03,0,0
21094,912,1999-01-01,2999-01-01,0,0
16304,913,1999-01-01,2002-02-13,1,0
10776,914,1999-01-01,2999-01-01,0,0
7218,915,1999-01-01,2002-05-24,0,0
9367,916,1999-01-01,2999-01-01,0,0
33375,917,1999-01-01,2000-09-12,0,0
11632,918,1999-01-01,2001-12-23,1,0
9548,919,1999-01-01,2000-12-19,0,0
19059,920,1999-01-01,2000-01-23,0,0
15250,921,1999-01-01,2000-12-25,1,0
34051,922,1999-01-01,2000-05-15,1,0
8532,923,1999-01-01,2999-01-01,0,0
14253,924,1999-01-01,2001-10-04,0,0
44085,925,1999-01-01,2000-12-13,1,0
3731,926,1999-01-01,2999-01-01,0,0
43869,927,1999-01-01,2999-01-01,0,0
38250,928,1999-01-01,2999-01-01,0,0
958,929,1999-01-01,2000-02-11,0,0
31061,930,1999-01-01,2000-01-02,0,0
25636,931,1999-01-01,2001-07-15,0,0
34822,932,1999-01-01,2002-11-22,0,0
14481,933,1999-01-01,2000-10-03,1,0
736,934,1999-01-01,2000-05-20,0,0
2177,935,1999-01-01,1999-09-09,0,0
33989,936,1999-01-01,2001-09-05,0,0
8280,937,1999-01-01,1999-12-18,0,0
19910,938,1999-01-01,2000-01-21,1,0
35310,939,1999-01-01,2999-01-01,0,0
39874,940,1999-01-01,1999-12-06,0,0
23703,941,1999-01-01,2000-09-19,0,0
36731,942,1999-01-01,2999-01-01,0,0
21002,943,1999-01-01,2000-07-24,0,0
9681,944,1999-01-01,2001-04-11,0,0
9110,945,1999-01-01,2001-06-01,0,0
38788,946,1999-01-01,2002-01-20,0,0
4685,947,1999-01-01,2000-08-20,0,0
27563,948,1999-01-01,2000-04-23,0,0
10750,949,1999-01-01,2001-04-09,0,0
31813,950,1999-01-01,2001-01-27,0,0
3513,951,1999-01-01,2999-01-01,0,0
41727,952,1999-01-01,2001-08-30,0,0
6526,953,1999-01-01,2000-10-01,1,0
15422,954,1999-01-01,2000-11-21,1,0
23413,955,1999-01-01,2000-04-17,0,0
27276,956,1999-01-01,1999-12-21,0,0
35410,957,1999-01-01,2000-11-02,0,0
12425,958,1999-01-01,2000-06-28,0,0
28527,959,1999-01-01,2000-12-04,0,0
27767,960,1999-01-01,2000-07-01,0,0
36065,961,1999-01-01,1999-12-26,0,0
44046,962,1999-01-01,2999-01-01,0,0
25521,963,1999-01-01,2999-01-01,0,0
13604,964,1999-01-01,2001-04-13,0,0
28586,965,1999-01-01,2001-09-04,0,0
5413,966,1999-01-01,2001-11-25,0,0
37994,967,1999-01-01,2002-11-21,1,0
12996,968,1999-01-01,2001-12-25,0,0
20544,969,1999-01-01,2999-01-01,0,0
34483,970,1999-01-01,2001-12-10,0,0
17241,971,1999-01-01,2002-11-01,1,0
16298,972,1999-01-01,2001-06-20,0,0
36105,973,1999-01-01,2001-10-29,0,0
1615,974,1999-01-01,2001-07-24,1,0
11636,975,1999-01-01,2000-01-04,1,0
17067,976,1999-01-01,2999-01-01,0,0
44389,977,1999-01-01,2001-01-07,0,0
29005,978,1999-01-01,2000-03-22,0,0
12128,979,1999-01-01,2000-11-24,0,0
3921,980,1999-01-01,2000-03-13,0,0
10275,981,1999-01-01,2002-07-08,0,0
2334,982,1999-01-01,2001-12-09,0,0
44675,983,1999-01-01,2002-10-11,0,0
18037,984,1999-01-01,2999-01-01,0,0
23350,985,1999-01-01,2001-02-10,1,0
328,986,1999-01-01,2000-08-29,0,0
32304,987,1999-01-01,2000-06-30,0,0
20163,988,1999-01-01,2001-10-25,0,0
33717,989,1999-01-01,2000-02-28,0,0
21076,990,1999-01-01,2001-07-25,0,0
27549,991,1999-01-01,2002-08-06,0,0
1455,992,1999-01-01,2001-11-09,1,0
33803,993,1999-01-01,2001-07-02,0,0
10382,994,1999-01-01,2000-07-09,0,0
2875,995,1999-01-01,2000-01-31,1,0
26578,996,1999-01-01,2000-07-07,0,0
6229,997,1999-01-01,2000-03-09,1,0
13473,998,1999-01-01,2999-01-01,0,0
36055,999,1999-01-01,2999-01-01,0,0
35127,1000,1999-01-01,2999-01-01,0,0
3711,1001,1999-01-01,2999-01-01,0,0
24278,1002,1999-01-01,2000-10-30,0,0
37159,1003,1999-01-01,2000-11-04,1,0
6393,1004,1999-01-01,2999-01-01,0,0
4039,1005,1999-01-01,2002-11-09,0,0
9038,1006,1999-01-01,2999-01-01,0,0
24535,1007,1999-01-01,2002-06-17,0,0
1126,1008,1999-01-01,2001-02-14,0,0
24530,1009,1999-01-01,2001-06-06,0,0
28824,1010,1999-01-01,2999-01-01,0,0
36200,1011,1999-01-01,1999-10-12,0,0
42214,1012,1999-01-01,2000-12-08,0,0
34001,1013,1999-01-01,1999-10-20,0,0
16465,1014,1999-01-01,2002-06-02,0,0
44907,1015,1999-01-01,2000-05-05,1,0
13069,1016,1999-01-01,2999-01-01,0,0
23900,1017,1999-01-01,2999-01-01,0,0
19163,1018,1999-01-01,2001-04-17,0,0
4645,1019,1999-01-01,2000-10-15,0,0
37384,1020,1999-01-01,2001-01-23,0,0
16435,1021,1999-01-01,2002-01-02,0,0
44527,1022,1999-01-01,2001-02-22,1,0
10669,1023,1999-01-01,2999-01-01,0,0
19403,1024,1999-01-01,2001-09-09,0,0
6365,1025,1999-01-01,2000-05-01,0,0
8443,1026,1999-01-01,2002-10-23,1,0
12614,1027,1999-01-01,2001-11-11,0,0
14451,1028,1999-01-01,2001-01-29,0,0
35929,1029,1999-01-01,2000-10-05,1,0
35745,1030,1999-01-01,2002-02-11,0,0
6055,1031,1999-01-01,2999-01-01,0,0
26958,1032,1999-01-01,2001-11-29,0,0
28896,1033,1999-01-01,2001-12-06,1,0
31478,1034,1999-01-01,2000-07-10,0,0
43196,1035,1999-01-01,2001-01-15,1,0
34083,1036,1999-01-01,2000-01-29,0,0
39982,1037,1999-01-01,2000-07-11,0,0
32407,1038,1999-01-01,2999-01-01,0,0
29677,1039,1999-01-01,2999-01-01,0,0
15654,1040,1999-01-01,2001-03-12,1,0
22340,1041,1999-01-01,2002-06-14,0,0
8536,1042,1999-01-01,2001-07-23,1,0
43641,1043,1999-01-01,2002-11-02,0,0
20077,1044,1999-01-01,2999-01-01,0,0
1148,1045,1999-01-01,1999-08-13,0,0
26573,1046,1999-01-01,2000-12-29,1,0
29886,1047,1999-01-01,2001-11-13,1,0
7746,1048,1999-01-01,2001-05-09,0,0
21026,1049,1999-01-01,2000-09-01,0,0
27634,1050,1999-01-01,2001-11-01,1,0
40257,1051,1999-01-01,1999-11-08,0,0
33630,1052,1999-01-01,2002-10-31,0,0
12246,1053,1999-01-01,2002-02-24,0,0
24089,1054,1999-01-01,2000-08-17,1,0
5941,1055,1999-01-01,2001-01-12,0,0
39992,1056,1999-01-01,2002-01-15,1,0
37408,1057,1999-01-01,2002-06-28,0,0
37602,1058,1999-01-01,2002-04-14,0,0
42534,1059,1999-01-01,2999-01-01,0,0
9168,1060,1999-01-01,2000-03-11,0,0
6576,1061,1999-01-01,2002-01-05,0,0
8305,1062,1999-01-01,2002-11-08,0,0
26062,1063,1999-01-01,2001-12-05,1,0
19577,1064,1999-01-01,2001-01-25,0,0
6781,1065,1999-01-01,2001-11-15,0,0
36474,1066,1999-01-01,2000-10-10,0,0
22121,1067,1999-01-01,2999-01-01,0,0
15851,1068,1999-01-01,2001-07-25,1,0
18134,1069,1999-01-01,2002-01-04,1,0
42563,1070,1999-01-01,2999-01-01,0,0
28391,1071,1999-01-01,2001-08-02,1,0
29981,1072,1999-01-01,2999-01-01,0,0
17287,1073,1999-01-01,2002-02-12,0,0
7808,1074,1999-01-01,2999-01-01,0,0
26453,1075,1999-01-01,2001-07-03,0,0
29337,1076,1999-01-01,2000-11-26,1,0
16879,1077,1999-01-01,2001-10-08,1,0
18855,1078,1999-01-01,2000-08-14,1,0
9829,1079,1999-01-01,2002-09-03,0,0
13287,1080,1999-01-01,2001-01-09,1,0
13707,1081,1999-01-01,2001-03-30,0,0
22968,1082,1999-01-01,2001-09-02,1,0
36613,1083,1999-01-01,2000-04-17,0,0
24818,1084,1999-01-01,2001-10-02,0,0
44161,1085,1999-01-01,2001-03-22,0,0
22822,1086,1999-01-01,2999-01-01,0,0
43736,1087,1999-01-01,2001-04-14,0,0
25574,1088,1999-01-01,2001-02-09,0,0
15856,1089,1999-01-01,2000-06-13,1,0
19315,1090,1999-01-01,2002-03-29,0,0
32110,1091,1999-01-01,2000-10-01,0,0
40279,1092,1999-01-01,2000-01-20,0,0
39766,1093,1999-01-01,2001-11-30,0,0
21982,1094,1999-01-01,2000-03-13,0,0
13668,1095,1999-01-01,2000-07-20,0,0
12955,1096,1999-01-01,2002-09-09,0,0
17080,1097,1999-01-01,2001-05-05,0,0
11771,1098,1999-01-01,1999-11-01,0,0
15487,1099,1999-01-01,2001-03-26,0,0
41984,1100,1999-01-01,2000-03-02,0,0
6407,1101,1999-01-01,2000-11-12,0,0
37724,1102,1999-01-01,2000-05-04,0,0
24601,1103,1999-01-01,2001-02-28,0,0
2314,1104,1999-01-01,2001-11-13,0,0
1632,1105,1999-01-01,2000-10-25,1,0
22543,1106,1999-01-01,2999-01-01,0,0
4680,1107,1999-01-01,2001-08-16,1,0
36317,1108,1999-01-01,2000-12-10,0,0
42306,1109,1999-01-01,2000-08-09,0,0
41881,1110,1999-01-01,2999-01-01,0,0
16898,1111,1999-01-01,2999-01-01,0,0
16159,1112,1999-01-01,2999-01-01,0,0
17556,1113,1999-01-01,2001-08-22,1,0
22771,1114,1999-01-01,2000-01-25,0,0
41671,1115,1999-01-01,2002-02-15,0,0
34422,1116,1999-01-01,2001-08-27,0,0
3525,1117,1999-01-01,2999-01-01,0,0
21140,1118,1999-01-01,2001-07-08,0,0
31231,1119,1999-01-01,2999-01-01,0,0
22056,1120,1999-01-01,2000-06-01,0,0
34903,1121,1999-01-01,2002-02-21,0,0
18403,1122,1999-01-01,2000-05-15,0,0
19455,1123,1999-01-01,1999-11-23,0,0
29295,1124,1999-01-01,2000-12-14,0,0
16344,1125,1999-01-01,2002-06-25,1,0
22005,1126,1999-01-01,2000-12-10,0,0
40886,1127,1999-01-01,2000-10-12,0,0
14988,1128,1999-01-01,2001-06-24,0,0
31324,1129,1999-01-01,2000-05-24,0,0
10097,1130,1999-01-01,2999-01-01,0,0
1629,1131,1999-01-01,2001-09-05,0,0
1933,1132,1999-01-01,2002-04-08,0,0
25388,1133,1999-01-01,2000-11-03,1,0
29512,1134,1999-01-01,2000-05-18,1,0
2618,1135,1999-01-01,2000-11-22,0,0
40836,1136,1999-01-01,2000-02-18,0,0
30522,1137,1999-01-01,2001-08-23,1,0
13969,1138,1999-01-01,2000-12-29,0,0
34726,1139,1999-01-01,2999-01-01,0,0
32568,1140,1999-01-01,2999-01-01,0,0
14704,1141,1999-01-01,2001-07-17,0,0
41080,1142,1999-01-01,2999-01-01,0,0
3956,1143,1999-01-01,2999-01-01,0,0
5587,1144,1999-01-01,2999-01-01,0,0
14620,1145,1999-01-01,2999-01-01,0,0
17188,1146,1999-01-01,2000-07-08,0,0
19124,1147,1999-01-01,2001-07-15,0,0
15021,1148,1999-01-01,2001-03-25,0,0
21850,1149,1999-01-01,2000-03-21,1,0
31451,1150,1999-01-01,2000-11-13,0,0
41899,1151,1999-01-01,2000-07-25,1,0
38946,1152,1999-01-01,2001-05-01,0,0
21677,1153,1999-01-01,2999-01-01,0,0
37376,1154,1999-01-01,2002-08-01,0,0
41033,1155,1999-01-01,2002-02-10,0,0
42514,1156,1999-01-01,2001-01-27,0,0
28187,1157,1999-01-01,2999-01-01,0,0
19575,1158,1999-01-01,2000-09-04,0,0
38519,1159,1999-01-01,2999-01-01,0,0
20971,1160,1999-01-01,2001-08-12,0,0
26607,1161,1999-01-01,2001-04-26,1,0
44478,1162,1999-01-01,2002-02-11,0,0
32052,1163,1999-01-01,2000-07-13,0,0
25814,1164,1999-01-01,2002-05-31,0,0
5108,1165,1999-01-01,2000-12-10,1,0
40390,1166,1999-01-01,2999-01-01,0,0
28086,1167,1999-01-01,2001-08-24,0,0
21036,1168,1999-01-01,2000-06-08,0,0
24336,1169,1999-01-01,2001-12-02,0,0
36161,1170,1999-01-01,2001-12-03,0,0
30050,1171,1999-01-01,2999-01-01,0,0
15211,1172,1999-01-01,2000-03-21,0,0
31656,1173,1999-01-01,2000-06-22,0,0
9474,1174,1999-01-01,2001-02-19,0,0
13009,1175,1999-01-01,2002-06-08,0,0
19183,1176,1999-01-01,2999-01-01,0,0
13862,1177,1999-01-01,2001-06-25,0,0
13867,1178,1999-01-01,2002-01-18,0,0
5269,1179,1999-01-01,2000-10-11,0,0
16122,1180,1999-01-01,2000-05-08,1,0
3933,1181,1999-01-01,2000-11-21,0,0
20002,1182,1999-01-01,2999-01-01,0,0
16087,1183,1999-01-01,2999-01-01,0,0
343,1184,1999-01-01,2001-05-11,0,0
44239,1185,1999-01-01,2002-06-12,0,0
2343,1186,1999-01-01,2002-01-07,1,0
16360,1187,1999-01-01,2002-08-18,0,0
42853,1188,1999-01-01,1999-12-23,0,0
21958,1189,1999-01-01,2001-09-01,0,0
1971,1190,1999-01-01,2999-01-01,0,0
32459,1191,1999-01-01,2999-01-01,0,0
4525,1192,1999-01-01,2002-01-31,0,0
22526,1193,1999-01-01,2999-01-01,0,0
20495,1194,1999-01-01,2001-03-21,0,0
6957,1195,1999-01-01,2002-06-13,1,0
14418,1196,1999-01-01,2999-01-01,0,0
44474,1197,1999-01-01,2002-10-28,0,0
12837,1198,1999-01-01,2000-05-03,1,0
15891,1199,1999-01-01,2001-03-18,0,0
17143,1200,1999-01-01,2002-11-08,1,0
36487,1201,1999-01-01,2001-08-14,0,0
39762,1202,1999-01-01,2001-05-13,1,0
32489,1203,1999-01-01,1999-12-28,1,0
34363,1204,1999-01-01,2000-12-27,0,0
32120,1205,1999-01-01,2001-01-13,0,0
10100,1206,1999-01-01,2001-06-04,0,0
6465,1207,1999-01-01,2001-01-16,0,0
26303,1208,1999-01-01,1999-09-05,1,0
44731,1209,1999-01-01,2001-02-14,1,0
34646,1210,1999-01-01,2002-07-05,1,0
37649,1211,1999-01-01,2001-04-06,0,0
44525,1212,1999-01-01,2001-11-20,0,0
24975,1213,1999-01-01,2002-03-04,1,0
14458,1214,1999-01-01,2999-01-01,0,0
15257,1215,1999-01-01,2001-05-14,0,0
42995,1216,1999-01-01,2001-08-05,1,0
33092,1217,1999-01-01,2002-06-23,1,0
23536,1218,1999-01-01,1999-12-14,0,0
36659,1219,1999-01-01,2000-01-04,1,0
14985,1220,1999-01-01,2001-12-09,0,0
3108,1221,1999-01-01,2001-05-27,0,0
16958,1222,1999-01-01,2002-07-08,1,0
8771,1223,1999-01-01,2001-08-18,0,0
24051,1224,1999-01-01,2001-09-16,1,0
11422,1225,1999-01-01,2000-07-10,0,0
33972,1226,1999-01-01,2000-04-11,1,0
3377,1227,1999-01-01,2000-11-26,0,0
17016,1228,1999-01-01,2002-03-25,1,0
29656,1229,1999-01-01,2002-02-22,1,0
25326,1230,1999-01-01,2999-01-01,0,0
1334,1231,1999-01-01,2001-01-20,0,0
19121,1232,1999-01-01,2002-02-06,0,0
9048,1233,1999-01-01,2999-01-01,0,0
34565,762,1999-03-18,2000-03-05,0,1
40218,666,1999-04-19,2001-04-28,0,1
38063,861,1999-04-22,2999-01-01,0,1
9588,509,1999-05-09,2999-01-01,0,1
18494,593,1999-05-19,2000-04-20,0,1
13637,156,1999-05-24,2001-11-26,1,1
12076,82,1999-06-08,2002-11-30,0,1
30297,172,1999-07-03,2000-07-16,0,1
30289,462,1999-07-07,2002-04-16,0,1
37199,232,1999-07-12,2999-01-01,0,1
14341,837,1999-07-19,2999-01-01,0,1
32381,227,1999-07-26,2001-05-07,0,1
37900,700,1999-07-28,2000-09-17,0,1
19468,876,1999-08-01,2000-01-11,0,1
28239,97,1999-08-08,2002-10-20,0,1
1148,1045,1999-08-14,2001-03-28,1,1
15844,570,1999-08-15,2001-11-28,0,1
15280,781,1999-08-19,2000-08-16,0,1
15542,401,1999-08-25,2000-12-19,1,1
29458,139,1999-08-26,2999-01-01,1,1
29408,334,1999-08-31,2001-11-24,0,0
17501,217,1999-08-31,2001-06-24,1,0
24389,53,1999-09-07,2001-06-01,0,1
27725,502,1999-09-08,2002-09-19,0,1
2177,935,1999-09-10,2000-07-20,1,1
3657,405,1999-09-14,2001-01-10,1,1
15521,577,1999-09-21,2001-04-30,0,1
18346,807,1999-09-23,2001-08-19,1,1
36796,488,1999-09-25,2999-01-01,1,1
17609,547,1999-10-04,2000-04-30,1,1
8865,478,1999-10-05,2001-12-25,1,1
21500,210,1999-10-06,2000-11-04,0,1
15609,299,1999-10-06,2001-10-10,1,1
8301,514,1999-10-06,2000-11-18,0,1
11979,609,1999-07-11,2999-01-01,0,0
20746,241,1999-10-09,2001-05-05,0,1
27170,603,1999-10-12,2002-04-24,0,1
36200,1011,1999-10-13,2000-10-10,0,1
41572,29,1999-10-14,2001-08-01,1,1
25907,610,1999-10-14,2000-01-01,1,1
1668,740,1999-10-14,2002-07-09,0,1
37883,44,1999-10-17,2002-08-09,0,1
6118,674,1999-10-19,2000-06-08,0,1
39655,52,1999-10-20,2002-08-03,0,1
34001,1013,1999-10-21,2000-12-08,1,1
30042,164,1999-10-25,2000-10-11,1,1
38813,33,1999-10-29,2001-02-28,0,1
12912,197,1999-10-29,2002-02-19,0,1
42795,873,1999-10-29,2999-01-01,1,1
16050,750,1999-08-01,2001-04-02,1,0
18324,782,1999-11-02,2001-04-03,0,1
11771,1098,1999-11-02,2999-01-01,0,1
7658,596,1999-11-04,2999-01-01,0,1
39068,511,1999-11-07,2002-01-04,1,1
40257,1051,1999-11-09,2001-07-13,1,1
9968,8,1999-11-12,2002-04-13,0,1
23737,27,1999-11-12,2002-11-13,0,1
38021,425,1999-11-12,2001-03-27,0,1
30245,131,1999-11-13,2000-06-09,1,1
34011,493,1999-11-15,2000-10-17,1,1
40374,497,1999-11-15,2002-07-18,0,1
35339,821,1999-11-16,2999-01-01,0,1
43278,312,1999-11-17,2001-06-06,1,1
40815,655,1999-11-17,2999-01-01,1,0
19455,1208,1999-11-24,2002-11-16,0,0
21240,1123,1999-11-24,2001-07-29,0,0
39236,831,1999-12-02,2001-11-07,0,1
25055,628,1999-12-03,2999-01-01,0,1
39874,940,1999-12-07,2002-11-04,0,1
23957,656,1999-12-08,2000-12-20,1,0
25908,663,1999-12-08,2000-10-06,0,0
32990,349,1999-12-11,2002-12-22,1,1
28622,122,1999-12-12,2000-04-11,0,1
27477,301,1999-12-15,2001-08-11,0,1
37092,692,1999-12-15,2002-05-04,1,1
23536,1218,1999-12-15,2000-06-20,0,1
30754,28,1999-12-18,2001-01-15,0,1
29509,525,1999-12-18,2002-12-03,1,1
8280,937,1999-12-19,2001-12-28,0,1
10137,598,1999-12-20,2999-01-01,0,1
27276,956,1999-12-22,2001-03-19,0,1
42853,1188,1999-12-24,2999-01-01,0,1
21327,896,1999-12-25,2001-12-06,0,1
36065,961,1999-12-27,2001-11-09,0,1
17058,51,1999-12-28,2000-11-10,1,1
24606,722,1999-12-29,2999-01-01,1,1
33668,635,2000-01-01,2002-10-11,1,1
37445,718,2000-01-01,2000-12-26,1,1
14276,370,2000-01-02,2001-01-12,1,1
31061,930,2000-01-03,2002-01-10,0,1
9269,80,2000-01-07,2000-12-30,1,0
17000,140,2000-01-07,2001-08-04,1,0
14120,157,2000-01-08,2001-03-31,1,1
37163,795,2000-01-09,2002-04-23,1,1
19468,876,2000-01-12,2999-01-01,0,1
39136,630,2000-01-14,2002-05-10,1,1
44804,116,2000-01-19,2000-06-11,0,1
2852,117,2000-01-19,2002-10-29,1,1
37147,293,2000-01-19,2001-11-11,0,1
29325,442,2000-01-19,2999-01-01,0,1
44275,240,2000-01-20,2002-07-21,0,1
13650,419,2000-01-21,2000-10-03,0,0
9843,422,2000-01-21,2002-09-17,0,0
28843,640,2000-01-21,2002-03-29,0,1
40279,1203,2000-01-21,2999-01-01,1,0
23754,1092,2000-01-21,2001-12-31,0,0
19059,938,2000-01-24,2999-01-01,0,0
2144,920,2000-01-24,2001-06-10,0,0
22771,1114,2000-01-26,2999-01-01,0,1
14404,130,2000-01-27,2001-12-16,0,1
34083,975,2000-01-30,2000-12-14,1,0
29503,1036,2000-01-30,2999-01-01,0,0
11587,844,2000-02-02,2999-01-01,0,1
20482,836,2000-02-05,2001-08-10,0,0
9299,298,2000-02-05,2999-01-01,0,0
5844,300,2000-02-08,2001-09-10,0,1
33495,209,2000-02-09,2999-01-01,1,1
12289,526,2000-02-12,2001-05-22,0,1
78,544,2000-02-12,2999-01-01,1,1
958,929,2000-02-12,2999-01-01,0,1
17198,14,2000-02-13,2000-06-29,1,1
6149,261,2000-02-14,2001-02-22,0,0
31948,245,2000-02-14,2002-06-16,0,0
37197,444,2000-02-18,2999-01-01,0,1
40836,995,2000-02-19,2002-07-10,1,0
38335,1136,2000-02-19,2999-01-01,1,0
23402,492,1999-11-28,2000-01-21,1,1
33717,989,2000-02-29,2999-01-01,0,1
35916,155,2000-03-02,2999-01-01,0,1
41984,1219,2000-03-03,2002-08-31,0,0
19310,1100,2000-03-03,2999-01-01,0,0
19436,86,2000-03-05,2999-01-01,0,0
21107,71,2000-03-05,2999-01-01,0,0
17956,770,1999-12-10,2002-06-01,0,1
43018,471,1999-12-11,2002-05-21,0,0
9168,348,2000-03-12,2999-01-01,0,0
31239,178,2000-03-14,2001-06-22,0,1
15890,803,2000-03-14,2001-08-20,0,1
3921,980,2000-03-14,2001-05-15,0,1
21982,1094,2000-03-14,2999-01-01,0,1
17598,406,2000-03-16,2002-12-19,1,1
21795,467,2000-03-17,2001-08-29,1,1
36400,902,2000-03-17,2002-03-18,0,1
727,377,2000-03-19,2999-01-01,0,1
30318,997,2000-03-22,2000-10-10,1,0
31785,848,2000-03-22,2002-06-27,1,0
15211,1172,2000-03-22,2999-01-01,0,1
16051,294,2000-03-23,2001-01-27,0,1
29005,978,2000-03-23,2002-03-30,1,1
1359,215,2000-03-24,2002-08-17,0,1
20852,602,2000-04-04,2999-01-01,0,1
11143,610,2000-01-02,2001-06-12,0,0
24087,881,2000-04-09,2002-04-05,1,1
44203,689,2000-01-11,2002-05-12,0,0
28622,55,2000-04-12,2002-04-30,0,0
33136,122,2000-04-12,2002-10-20,0,0
12121,37,2000-04-16,2999-01-01,0,0
6613,592,2000-04-16,2001-12-27,1,1
23531,627,2000-04-18,2001-11-22,1,1
32827,642,2000-04-18,2002-09-19,0,1
23413,955,2000-04-18,2001-11-10,1,1
36613,1083,2000-04-18,2999-01-01,0,1
25889,91,2000-04-19,2001-06-30,0,1
9476,504,2000-04-19,2999-01-01,1,1
34664,606,2000-04-19,2002-03-03,1,1
29829,562,2000-01-21,2002-02-10,1,1
33232,492,2000-01-22,2000-12-19,0,0
13773,457,2000-04-23,2000-12-19,0,0
1272,452,2000-04-23,2000-11-08,0,0
27563,948,2000-04-24,2001-09-23,0,1
4825,31,2000-04-27,2001-08-29,0,0
37198,908,2000-04-28,2999-01-01,1,1
2014,256,2000-05-01,2999-01-01,0,0
23673,435,2000-05-01,2002-10-08,0,1
21538,528,2000-05-01,2999-01-01,0,1
5637,654,2000-05-01,2999-01-01,0,1
12498,820,2000-05-01,2002-03-18,0,1
6365,1025,2000-05-02,2002-08-18,1,1
33988,126,2000-05-04,2001-11-07,1,1
12364,258,2000-05-04,2002-10-17,0,0
43441,268,2000-05-04,2999-01-01,0,0
24702,835,2000-05-05,2999-01-01,0,1
37724,1060,2000-05-05,2001-09-01,0,0
17168,1102,2000-05-05,2002-09-18,0,0
16047,199,2000-05-07,2002-02-13,1,1
9922,372,2000-05-07,2001-02-04,1,1
41109,729,2000-02-06,2002-06-04,1,0
9931,779,2000-05-09,2001-07-15,0,1
28142,693,2000-05-12,2002-06-13,1,1
42218,566,2000-02-12,2002-07-06,1,0
2290,399,2000-05-14,2002-05-09,1,1
18403,1180,2000-05-16,2999-01-01,0,0
34474,1122,2000-05-16,2001-11-24,0,0
736,922,2000-05-21,2999-01-01,1,0
14994,934,2000-05-21,2999-01-01,0,0
1634,198,2000-05-24,2999-01-01,1,0
31324,1134,2000-05-25,2002-07-28,0,0
29241,1129,2000-05-25,2999-01-01,0,0
22056,1120,2000-06-02,2999-01-01,0,1
28765,582,2000-06-03,2002-03-04,1,1
34565,762,2000-03-06,2999-01-01,0,1
19689,260,2000-06-07,2002-10-31,0,1
40417,306,2000-06-08,2001-02-15,0,0
17419,801,2000-06-08,2000-11-26,0,0
21036,815,2000-06-09,2002-11-21,0,0
6118,667,2000-06-09,2002-10-26,1,0
4259,674,2000-06-09,2999-01-01,1,0
29628,499,2000-06-11,2002-03-20,1,1
6302,386,2000-06-12,2001-08-27,1,1
44804,131,2000-06-12,2001-08-10,1,0
16933,303,2000-06-13,2999-01-01,0,1
35844,404,2000-06-13,2999-01-01,0,1
470,1149,2000-06-14,2001-07-24,0,0
2436,336,2000-06-14,2999-01-01,0,0
20177,1168,2000-06-15,2002-04-12,1,0
17665,251,2000-06-15,2002-09-17,0,0
40114,756,2000-06-21,2999-01-01,1,1
23536,1226,2000-06-21,2002-07-26,1,0
38173,1218,2000-06-21,2999-01-01,0,0
8057,116,2000-06-22,2001-11-25,1,0
29145,479,2000-06-22,2999-01-01,0,1
25720,645,2000-06-22,2999-01-01,0,0
37942,649,2000-06-22,2002-03-31,1,0
2927,22,2000-06-23,2001-11-19,0,0
35260,686,2000-06-23,2999-01-01,0,1
31656,1173,2000-06-23,2999-01-01,0,1
8984,135,2000-06-24,2999-01-01,0,0
37562,307,2000-06-24,2001-03-11,0,0
26154,461,2000-06-24,2999-01-01,1,1
15232,758,2000-06-24,2001-07-29,1,1
10534,812,2000-06-24,2002-11-03,0,1
37531,742,2000-03-26,2001-06-14,1,0
3906,768,2000-06-28,2999-01-01,0,1
12425,958,2000-06-29,2001-02-03,0,1
44747,623,2000-06-30,2002-03-07,1,0
19,621,2000-06-30,2999-01-01,0,0
32304,987,2000-07-01,2002-08-15,1,1
27767,1015,2000-07-02,2001-09-23,0,0
28860,960,2000-07-02,2001-08-22,0,0
29078,376,2000-07-03,2000-11-08,1,1
6191,222,2000-07-08,2002-10-08,0,1
11316,761,2000-07-08,2001-12-15,1,1
26578,996,2000-07-08,2002-01-18,1,1
17188,345,2000-07-09,2999-01-01,0,0
16539,806,2000-07-10,2002-02-20,1,1
10382,994,2000-07-10,2999-01-01,1,1
41925,278,2000-07-11,2002-02-07,0,1
31478,1034,2000-07-11,2999-01-01,0,1
11422,1225,2000-07-11,2999-01-01,0,1
42734,167,2000-07-12,2002-12-02,0,0
39982,1037,2000-07-12,2002-11-26,0,1
38751,793,2000-04-13,2000-12-30,0,1
38878,87,2000-07-14,2002-10-13,0,0
44508,58,2000-07-14,2002-09-01,0,0
32052,1146,2000-07-14,2999-01-01,0,0
25106,1163,2000-07-14,2000-11-25,0,0
37441,871,2000-07-16,2002-11-12,0,0
6377,877,2000-07-16,2002-07-06,1,0
30297,105,2000-07-17,2002-04-25,0,0
42300,1198,2000-07-19,2002-11-07,0,0
13668,1089,2000-07-21,2999-01-01,0,0
41559,1095,2000-07-21,2002-02-02,0,0
40369,14,2000-07-22,2001-05-08,1,0
11381,35,2000-07-22,2002-09-10,0,0
41577,727,2000-07-22,2002-04-21,0,1
28937,675,2000-04-18,2999-01-01,1,0
18494,593,2000-04-21,2002-08-20,0,1
30637,547,2000-07-24,2999-01-01,1,0
1872,546,2000-07-24,2999-01-01,0,0
18624,109,2000-07-25,2999-01-01,1,0
21002,935,2000-07-25,2999-01-01,0,0
3273,378,2000-07-27,2001-12-25,1,1
1714,39,2000-04-27,2002-06-14,0,0
44626,141,2000-07-29,2001-07-22,1,0
30354,187,2000-07-29,2002-01-22,0,0
21041,7,2000-07-31,2999-01-01,1,1
2549,5,2000-08-01,2001-04-05,0,1
40876,561,2000-08-01,2999-01-01,0,1
19176,752,2000-08-01,2999-01-01,0,1
34156,590,2000-08-02,2999-01-01,0,1
23927,454,2000-08-05,2002-08-09,0,0
692,456,2000-08-05,2002-11-28,0,0
11655,485,2000-08-07,2999-01-01,0,1
34929,172,2000-08-08,2001-02-04,0,0
39805,63,2000-08-08,2002-12-04,0,0
1920,173,2000-08-10,2002-05-22,0,1
23478,243,2000-08-10,2001-04-29,0,1
42306,1109,2000-08-10,2002-06-15,1,1
11990,769,2000-08-14,2002-07-26,0,1
695,144,2000-08-15,2999-01-01,0,1
15280,780,2000-08-17,2999-01-01,1,0
17902,781,2000-08-17,2002-02-08,0,0
33610,648,2000-08-19,2001-04-09,1,1
24648,190,2000-08-21,2001-10-12,1,1
40527,888,2000-08-21,2001-06-15,0,1
4685,947,2000-08-21,2002-10-13,0,1
28440,794,2000-05-23,2002-12-02,1,0
14479,92,2000-08-23,2999-01-01,1,1
3749,875,2000-08-23,2999-01-01,1,1
18128,532,2000-08-26,2999-01-01,0,1
20898,862,2000-08-27,2002-08-22,1,1
40503,133,2000-08-28,2001-11-08,0,1
30089,474,2000-08-28,2999-01-01,0,1
7471,611,2000-08-28,2999-01-01,0,0
33502,607,2000-08-28,2999-01-01,0,0
328,986,2000-08-30,2999-01-01,0,1
212,568,2000-08-31,2000-10-28,1,1
34558,324,2000-09-01,2002-10-25,0,1
15035,524,2000-06-03,2999-01-01,1,0
593,486,2000-09-01,2999-01-01,0,0
21026,1054,2000-09-02,2999-01-01,0,0
36480,111,2000-09-04,2999-01-01,1,1
43413,166,2000-09-04,2001-11-16,0,1
24797,186,2000-09-04,2999-01-01,0,1
14663,858,2000-09-04,2999-01-01,0,1
20096,904,2000-09-04,2002-10-30,0,0
39653,878,2000-09-04,2999-01-01,0,0
19575,276,2000-09-05,2002-08-07,0,0
6686,1158,2000-09-05,2999-01-01,0,0
38835,207,2000-09-07,2999-01-01,0,0
9547,659,2000-09-07,2999-01-01,1,1
6172,380,2000-09-09,2001-07-25,1,1
33375,943,2000-09-13,2002-10-08,0,0
42184,917,2000-09-13,2999-01-01,0,0
14825,595,2000-09-15,2999-01-01,1,1
26653,797,2000-06-17,2001-05-19,1,0
1833,381,2000-09-16,2999-01-01,0,1
36078,398,2000-09-18,2002-02-18,1,1
37900,700,2000-09-18,2999-01-01,0,1
17219,244,2000-09-19,2002-09-08,0,0
25091,269,2000-09-19,2001-08-10,0,0
25314,624,2000-09-21,2001-12-28,0,1
8843,665,2000-09-21,2999-01-01,1,1
23164,47,2000-06-23,2001-02-26,0,0
5351,363,2000-09-27,2999-01-01,0,0
23880,346,2000-09-27,2999-01-01,0,0
5600,274,2000-09-30,2999-01-01,0,1
22143,343,2000-07-03,2999-01-01,0,1
32110,1049,2000-10-02,2002-03-20,0,0
37558,1091,2000-10-02,2002-03-24,0,0
13650,419,2000-10-04,2001-10-03,1,1
2053,321,2000-10-05,2999-01-01,0,1
29675,1078,2000-10-05,2002-10-08,0,0
39273,840,2000-10-05,2001-01-29,0,0
8207,732,2000-10-07,2001-08-17,1,1
25908,663,2000-10-07,2999-01-01,0,1
23512,491,2000-10-11,2001-12-25,1,0
36474,1066,2000-10-11,2999-01-01,0,1
36200,933,2000-10-11,2002-06-08,1,0
28818,1011,2000-10-11,2999-01-01,0,0
5269,1179,2000-10-12,2002-07-22,0,1
32461,828,2000-07-13,2999-01-01,0,1
40886,846,2000-10-13,2002-12-09,1,0
42045,1127,2000-10-13,2002-04-17,1,0
4645,953,2000-10-16,2999-01-01,0,0
1679,1019,2000-10-16,2999-01-01,0,0
16921,164,2000-10-18,2999-01-01,1,0
1428,108,2000-10-19,2001-11-17,0,0
17660,229,2000-10-19,2999-01-01,1,1
13520,714,2000-07-15,2999-01-01,0,1
17614,581,2000-07-20,2001-09-09,0,0
31612,898,2000-10-24,2999-01-01,1,1
31296,788,2000-07-22,2002-09-24,0,1
27826,573,2000-07-24,2001-03-31,0,1
17037,1151,2000-07-26,2002-04-18,0,0
39626,410,2000-10-28,2999-01-01,0,1
27964,741,2000-07-30,2001-06-19,1,1
2382,725,2000-10-29,2999-01-01,0,1
39989,545,2000-10-30,2999-01-01,0,1
19502,578,2000-10-30,2999-01-01,1,1
44628,901,2000-10-30,2002-03-27,1,1
24278,997,2000-10-31,2002-08-31,0,0
42304,1002,2000-10-31,2999-01-01,0,0
19565,67,2000-11-02,2002-07-25,0,1
35410,957,2000-11-03,2999-01-01,0,1
21500,210,2000-11-05,2001-12-25,0,1
963,448,2000-11-06,2002-01-09,1,0
25023,449,2000-11-06,2999-01-01,0,0
8504,496,2000-11-07,2002-08-20,1,1
24765,123,2000-11-09,2002-10-31,0,0
1272,452,2000-11-09,2001-12-21,1,1
36101,76,2000-11-10,2999-01-01,1,0
32578,493,2000-11-11,2002-04-13,1,0
33736,494,2000-11-11,2002-04-25,1,0
6407,1105,2000-11-13,2999-01-01,0,0
8402,1101,2000-11-13,2001-09-22,0,0
31451,1150,2000-11-14,2999-01-01,0,1
39234,340,2000-11-19,2002-12-30,0,0
39971,784,2000-11-19,2001-08-10,1,1
8301,514,2000-11-19,2001-09-30,0,1
34336,495,2000-11-20,2002-05-05,1,1
19857,696,2000-11-21,2999-01-01,0,0
32401,697,2000-11-21,2999-01-01,0,0
3933,1133,2000-11-22,2999-01-01,0,0
691,1181,2000-11-22,2002-01-21,1,0
2618,1135,2000-11-23,2999-01-01,0,1
17002,531,2000-11-24,2002-09-25,0,0
25206,534,2000-11-24,2002-11-29,1,0
12128,954,2000-11-25,2999-01-01,0,0
25106,234,2000-11-26,2001-04-20,1,0
29516,1163,2000-11-26,2999-01-01,0,0
3377,1227,2000-11-27,2999-01-01,0,1
17419,801,2000-11-27,2002-04-21,0,1
9497,231,2000-11-29,2001-12-02,0,1
27215,533,2000-11-30,2001-11-19,0,1
23903,856,2000-11-30,2999-01-01,0,1
4614,490,2000-09-01,2999-01-01,1,0
38007,75,2000-12-01,2999-01-01,0,1
2255,841,2000-12-02,2999-01-01,0,1
19599,552,2000-12-03,2002-04-01,0,1
35641,51,2000-12-04,2999-01-01,0,1
28527,959,2000-12-05,2001-08-19,1,1
31098,703,2000-12-06,2999-01-01,0,0
12212,706,2000-12-06,2999-01-01,1,0
42214,979,2000-12-09,2001-11-10,0,0
271,1012,2000-12-09,2999-01-01,1,0
39636,895,2000-12-10,2999-01-01,0,0
20561,280,2000-12-11,2999-01-01,0,1
11532,681,2000-12-11,2999-01-01,0,1
36317,213,2000-12-11,2999-01-01,0,0
22005,1029,2000-12-11,2999-01-01,1,0
18010,1126,2000-12-11,2002-07-03,0,0
33094,337,2000-12-12,2001-12-04,1,0
27277,333,2000-12-12,2999-01-01,0,0
26999,376,2000-12-12,2999-01-01,1,0
38466,385,2000-12-12,2001-08-20,1,0
8132,202,2000-12-14,2999-01-01,0,0
35150,62,2000-12-14,2999-01-01,0,0
29295,1165,2000-12-15,2999-01-01,0,0
37011,1124,2000-12-15,2002-09-29,0,0
11661,605,2000-12-17,2999-01-01,0,1
3225,308,2000-09-14,2001-11-04,1,1
24900,906,2000-12-18,2999-01-01,1,0
27069,88,2000-12-20,2001-07-20,0,0
9548,975,2000-12-20,2002-11-02,1,0
22272,919,2000-12-20,2001-09-24,1,0
13773,457,2000-12-20,2999-01-01,0,1
23703,941,2000-09-20,2999-01-01,0,1
3815,1076,2000-12-22,2999-01-01,0,0
4676,805,2000-12-22,2999-01-01,0,0
26028,361,2000-12-24,2999-01-01,0,0
25380,347,2000-12-24,2999-01-01,0,0
2794,408,2000-12-27,2999-01-01,0,1
34363,1204,2000-12-28,2002-09-12,0,1
23488,925,2000-12-29,2999-01-01,0,0
21078,341,2000-12-29,2999-01-01,0,0
13969,1138,2000-12-30,2999-01-01,0,1
38751,792,2000-12-31,2999-01-01,1,0
36639,793,2000-12-31,2001-09-04,1,0
7413,365,2001-01-01,2999-01-01,0,0
21103,15,2001-01-02,2999-01-01,0,1
31054,617,2001-01-02,2001-05-10,1,1
37181,737,2001-01-02,2001-07-09,0,1
44025,80,2001-01-03,2002-11-05,0,0
11595,296,2001-01-03,2002-10-10,0,1
19597,314,2001-01-03,2999-01-01,0,1
3654,473,2001-01-04,2002-09-11,1,1
6922,535,2001-01-04,2002-11-10,0,1
22497,289,2001-01-05,2999-01-01,0,1
44389,921,2001-01-08,2002-04-05,0,0
14266,977,2001-01-08,2002-02-06,0,0
152,57,2001-01-12,2002-09-12,1,0
11676,318,2001-01-12,2999-01-01,0,1
14313,487,2000-10-11,2999-01-01,1,0
20996,451,2001-01-12,2999-01-01,0,1
33445,776,2001-01-12,2001-11-29,0,1
14514,119,2001-01-13,2999-01-01,0,0
39528,250,2001-01-13,2999-01-01,0,1
5941,1080,2001-01-13,2999-01-01,1,0
32120,1205,2001-01-14,2999-01-01,0,1
36916,401,2001-01-15,2001-09-15,0,0
27600,397,2001-01-15,2002-05-09,0,0
30754,28,2001-01-16,2999-01-01,0,1
17110,374,2001-01-17,2999-01-01,0,0
6465,1207,2001-01-17,2999-01-01,0,1
7429,79,2000-10-19,2999-01-01,0,0
11475,450,2001-01-18,2999-01-01,0,1
16883,850,2001-01-18,2999-01-01,1,0
12945,751,2001-01-19,2999-01-01,1,0
694,743,2001-01-19,2999-01-01,1,0
35319,177,2001-01-21,2999-01-01,0,0
345,189,2001-01-21,2999-01-01,0,0
1334,1231,2001-01-21,2001-11-27,1,1
43633,586,2001-01-23,2999-01-01,0,1
37384,1020,2001-01-24,2999-01-01,0,1
33645,701,2001-01-26,2999-01-01,0,1
19577,1064,2001-01-26,2002-04-27,0,1
37233,568,2000-10-29,2002-10-02,0,0
31813,950,2001-01-28,2999-01-01,0,1
42514,1156,2001-01-28,2999-01-01,0,1
16051,294,2001-01-28,2999-01-01,0,1
35115,402,2001-01-29,2002-07-16,1,1
4364,405,2001-01-29,2999-01-01,0,0
1648,409,2001-01-29,2999-01-01,0,0
14451,1035,2001-01-30,2001-09-02,0,0
39273,840,2001-01-30,2002-05-26,0,1
647,59,2000-11-01,2002-10-13,0,1
32419,634,2000-11-02,2999-01-01,0,0
6862,832,2001-02-03,2001-07-19,0,1
7161,1003,2000-11-05,2999-01-01,0,0
27819,185,2001-02-04,2999-01-01,0,0
12425,1028,2001-02-04,2002-06-27,0,0
5523,958,2001-02-04,2002-10-13,1,0
12080,437,2001-02-05,2999-01-01,1,0
40017,695,2001-02-05,2999-01-01,1,1
34929,132,2001-02-05,2002-01-30,0,0
40467,653,2000-11-07,2002-01-30,1,0
13507,813,2001-02-07,2999-01-01,0,1
8968,1046,2001-02-09,2999-01-01,0,0
38612,286,2001-02-09,2001-07-31,1,0
25574,1088,2001-02-10,2999-01-01,0,1
29697,563,2001-02-11,2001-07-09,1,0
33006,565,2001-02-11,2001-10-21,1,0
39150,673,2001-02-14,2999-01-01,0,1
11216,745,2001-02-14,2002-08-26,0,1
30079,212,2001-02-15,2001-10-19,1,1
27302,339,2001-02-15,2999-01-01,0,1
1126,985,2001-02-15,2002-03-11,1,0
39460,1008,2001-02-15,2999-01-01,0,0
40417,1209,2001-02-16,2002-02-27,1,0
21604,306,2001-02-16,2002-08-20,0,0
9474,1174,2001-02-20,2999-01-01,0,1
44822,172,2001-02-21,2002-09-23,0,0
23617,183,2001-02-21,2999-01-01,0,0
32779,865,2001-02-23,2999-01-01,1,0
40977,884,2001-02-23,2002-12-09,1,0
6149,261,2001-02-23,2001-09-19,1,1
23574,506,2000-11-23,2002-04-15,0,1
30170,658,2000-11-25,2001-12-10,0,1
23164,24,2001-02-27,2002-01-23,1,0
32842,789,2001-02-28,2002-11-20,1,1
24601,1055,2001-03-01,2002-08-23,0,0
38813,47,2001-03-01,2002-03-01,0,0
14784,33,2001-03-01,2002-11-30,0,0
17768,783,2001-03-02,2999-01-01,0,1
15347,32,2001-03-04,2001-12-26,1,1
23835,48,2001-03-04,2002-09-05,1,1
13036,93,2001-03-06,2999-01-01,0,0
22195,184,2001-03-06,2999-01-01,0,0
9627,500,2001-03-11,2999-01-01,1,1
16302,1013,2000-12-09,2999-01-01,0,0
3430,1108,2000-12-11,2999-01-01,0,0
35722,353,2000-12-12,2002-07-13,0,1
16522,169,2001-03-13,2999-01-01,0,0
31174,434,2001-03-13,2999-01-01,1,0
36845,436,2001-03-13,2002-06-05,0,0
32053,396,2001-03-14,2999-01-01,0,1
398,847,2000-12-13,2999-01-01,0,0
2976,777,2001-03-17,2999-01-01,0,1
15891,264,2001-03-19,2999-01-01,0,0
28279,668,2001-03-20,2002-06-29,1,1
27276,956,2001-03-20,2999-01-01,0,1
31177,81,2000-12-20,2999-01-01,0,0
33232,492,2000-12-20,2001-10-03,0,1
4383,1199,2001-03-22,2002-03-22,0,0
17341,225,2001-03-22,2999-01-01,0,0
7809,656,2000-12-21,2999-01-01,0,0
20495,1194,2001-03-22,2001-12-06,0,1
44161,1085,2001-03-23,2999-01-01,0,1
21152,558,2001-03-25,2002-11-11,0,1
11086,816,2001-03-25,2002-09-09,1,1
15021,1040,2001-03-26,2002-04-04,0,0
10740,1148,2001-03-26,2999-01-01,0,0
38021,425,2001-03-28,2002-12-18,1,1
41253,718,2000-12-27,2001-03-23,1,0
15487,1103,2001-03-27,2999-01-01,0,0
14056,1099,2001-03-27,2999-01-01,0,0
13707,1045,2001-03-31,2999-01-01,0,0
21059,1081,2001-03-31,2002-08-23,0,0
27826,573,2001-04-01,2002-07-14,1,1
2913,371,2001-01-01,2999-01-01,0,0
37042,157,2001-04-02,2002-07-22,1,0
21077,127,2001-04-03,2999-01-01,1,0
18324,782,2001-04-04,2999-01-01,0,1
8878,12,2001-04-05,2999-01-01,0,1
2549,5,2001-04-06,2002-01-19,0,1
37649,1211,2001-04-07,2002-12-01,0,1
10163,905,2001-04-08,2999-01-01,0,0
23296,880,2001-04-08,2999-01-01,0,0
38485,889,2001-04-11,2999-01-01,1,1
9681,1022,2001-04-12,2999-01-01,0,0
7460,944,2001-04-12,2001-08-15,0,0
1617,370,2001-01-13,2999-01-01,1,0
43736,1087,2001-04-15,2999-01-01,1,1
38868,364,2001-04-16,2999-01-01,0,0
13471,620,2001-04-16,2001-12-08,1,1
17600,382,2001-01-17,2002-05-19,1,0
26956,683,2001-04-18,2002-11-22,0,0
32764,680,2001-04-18,2999-01-01,0,0
39526,868,2001-04-20,2999-01-01,0,1
37555,910,2001-01-18,2999-01-01,1,0
2185,520,2001-01-20,2001-06-26,0,1
38454,551,2001-04-22,2001-10-09,0,0
38954,553,2001-04-22,2999-01-01,0,0
9696,772,2001-01-21,2002-10-08,1,1
31986,338,2001-04-26,2999-01-01,0,1
37753,648,2001-04-26,2002-06-07,0,0
29160,646,2001-04-26,2999-01-01,0,0
37733,383,2001-04-28,2001-11-11,0,1
31869,138,2001-04-29,2999-01-01,0,0
35959,1161,2001-04-29,2999-01-01,0,0
11747,326,2001-04-29,2999-01-01,1,0
40218,666,2001-04-29,2002-09-27,0,1
23478,243,2001-04-30,2999-01-01,0,1
15521,577,2001-05-01,2002-11-17,0,1
9665,619,2001-05-02,2999-01-01,1,1
38946,1152,2001-05-02,2999-01-01,0,1
30353,718,2001-05-03,2999-01-01,0,0
7627,724,2001-05-03,2999-01-01,0,0
29524,281,2001-05-05,2002-04-29,0,1
17671,523,2001-05-06,2002-11-08,1,1
37021,859,2001-05-06,2999-01-01,0,1
17080,1097,2001-05-06,2999-01-01,0,1
38195,372,2001-02-05,2002-11-26,1,0
20746,241,2001-05-06,2999-01-01,1,1
34070,9,2001-05-08,2999-01-01,1,1
33923,214,2001-05-08,2999-01-01,1,1
35506,625,2001-05-08,2002-04-20,1,1
32381,263,2001-05-08,2002-03-21,0,0
21788,227,2001-05-08,2999-01-01,0,0
9506,14,2001-05-10,2999-01-01,0,0
17882,45,2001-05-10,2999-01-01,0,0
7746,1048,2001-05-10,2999-01-01,0,1
3841,355,2001-05-11,2999-01-01,0,1
44643,60,2001-05-11,2999-01-01,0,1
343,234,2001-05-12,2999-01-01,1,0
7379,1184,2001-05-12,2999-01-01,0,0
28442,559,2001-05-15,2999-01-01,0,1
15257,1202,2001-05-15,2999-01-01,0,0
3921,980,2001-05-16,2999-01-01,0,1
25346,641,2001-05-17,2999-01-01,0,1
10327,483,2001-05-18,2999-01-01,0,0
26980,484,2001-05-18,2999-01-01,0,0
25466,66,2001-05-20,2999-01-01,0,0
18613,507,2001-05-20,2999-01-01,0,0
34000,503,2001-05-20,2999-01-01,0,0
2944,84,2001-05-21,2999-01-01,0,0
34832,115,2001-05-21,2999-01-01,0,0
12289,526,2001-05-23,2002-05-26,0,1
4963,613,2001-02-19,2999-01-01,1,1
12260,748,2001-02-22,2002-05-15,1,1
16364,804,2001-05-26,2999-01-01,0,1
25208,203,2001-05-27,2999-01-01,0,0
29917,513,2001-05-27,2999-01-01,1,1
6241,669,2001-05-28,2999-01-01,0,1
3108,1221,2001-05-28,2002-07-05,0,1
24645,715,2001-05-30,2999-01-01,0,1
42685,750,2001-05-31,2001-09-28,0,0
31122,416,2001-03-02,2002-12-30,0,1
24389,56,2001-06-02,2999-01-01,0,0
41,53,2001-06-04,2999-01-01,0,0
10477,125,2001-06-04,2999-01-01,0,0
10100,320,2001-06-05,2999-01-01,0,0
24530,1009,2001-06-07,2999-01-01,0,1
6773,11,2001-06-08,2999-01-01,1,1
23621,403,2001-06-10,2999-01-01,0,1
5651,797,2001-06-10,2999-01-01,1,0
10630,887,2001-06-10,2999-01-01,0,1
37562,307,2001-03-12,2002-04-18,0,1
2144,920,2001-06-11,2999-01-01,0,1
29293,890,2001-06-13,2999-01-01,0,1
11143,612,2001-06-13,2999-01-01,1,0
4491,610,2001-06-13,2002-07-28,0,0
4071,785,2001-03-21,2999-01-01,0,1
9994,379,2001-06-20,2999-01-01,0,1
2559,731,2001-06-20,2999-01-01,0,0
16932,730,2001-06-20,2002-04-23,0,0
6673,708,2001-06-21,2002-03-20,1,1
9739,530,2001-03-22,2999-01-01,0,1
3301,537,2001-06-23,2999-01-01,1,1
31239,204,2001-06-23,2999-01-01,0,0
29868,40,2001-06-24,2999-01-01,0,1
5070,230,2001-06-24,2002-08-15,1,1
14988,1128,2001-06-25,2999-01-01,1,1
28058,468,2001-06-26,2999-01-01,1,1
13862,217,2001-06-26,2999-01-01,0,0
2185,520,2001-06-27,2002-03-27,0,1
29871,273,2001-06-28,2999-01-01,0,1
9628,519,2001-06-28,2002-11-27,0,1
16794,508,2001-06-30,2999-01-01,0,1
39087,23,2001-07-01,2999-01-01,0,1
25889,178,2001-07-01,2999-01-01,0,0
44328,91,2001-07-02,2999-01-01,0,0
37234,626,2001-07-02,2999-01-01,1,1
37026,160,2001-04-03,2999-01-01,1,0
14638,99,2001-07-03,2999-01-01,0,0
33803,993,2001-07-03,2999-01-01,0,1
26453,1177,2001-07-04,2002-06-24,0,0
32742,1075,2001-07-04,2999-01-01,0,0
3509,312,2001-07-06,2002-05-12,1,0
1488,235,2001-07-06,2999-01-01,0,0
27651,879,2001-07-07,2999-01-01,0,0
2719,221,2001-07-07,2999-01-01,0,0
41222,145,2001-07-08,2999-01-01,0,0
37394,137,2001-07-08,2999-01-01,1,0
21140,344,2001-07-09,2999-01-01,0,0
30907,1118,2001-07-09,2002-11-21,1,0
4035,742,2001-07-10,2999-01-01,0,0
20799,749,2001-07-10,2999-01-01,0,0
37181,741,2001-07-10,2001-10-24,0,0
31863,737,2001-07-10,2999-01-01,0,0
36143,453,2001-07-12,2999-01-01,0,1
10750,949,2001-04-10,2999-01-01,0,1
38682,170,2001-07-13,2999-01-01,1,1
31978,589,2001-07-13,2001-11-17,0,0
37352,588,2001-07-13,2999-01-01,0,0
30938,180,2001-07-16,2999-01-01,1,1
25636,830,2001-07-16,2002-05-31,0,0
19124,1206,2001-07-16,2002-01-18,0,0
5329,1147,2001-07-16,2999-01-01,0,0
30621,121,2001-07-17,2002-07-23,0,1
6048,637,2001-07-17,2002-02-06,0,1
13604,964,2001-04-14,2999-01-01,0,1
32465,368,2001-04-16,2999-01-01,1,0
19163,1018,2001-04-18,2999-01-01,0,1
6862,832,2001-07-20,2999-01-01,0,1
21065,134,2001-07-21,2999-01-01,0,0
5680,179,2001-07-21,2999-01-01,0,0
27069,88,2001-07-21,2999-01-01,0,1
19040,786,2001-07-24,2002-06-16,1,1
24521,427,2001-04-23,2999-01-01,1,1
10597,141,2001-07-25,2999-01-01,1,0
27015,168,2001-07-25,2999-01-01,0,0
470,1149,2001-07-25,2999-01-01,0,1
21076,931,2001-07-26,2999-01-01,1,0
20118,990,2001-07-26,2999-01-01,1,0
29114,78,2001-07-28,2002-04-22,1,1
21240,1123,2001-07-30,2999-01-01,0,1
18654,639,2001-07-31,2999-01-01,0,1
19451,709,2001-08-01,2999-01-01,1,1
33240,357,2001-08-03,2999-01-01,0,1
35230,522,2001-08-03,2002-12-21,1,1
25850,226,2001-08-05,2999-01-01,0,1
27137,854,2001-08-06,2999-01-01,0,0
36397,855,2001-08-06,2999-01-01,0,0
19482,764,2001-08-08,2999-01-01,1,1
16279,617,2001-05-11,2999-01-01,0,0
12930,480,2001-08-10,2999-01-01,0,0
37679,481,2001-08-10,2002-06-06,1,0
20482,1071,2001-08-11,2002-09-21,1,0
28039,836,2001-08-11,2999-01-01,0,0
25091,271,2001-08-11,2999-01-01,0,0
43852,269,2001-08-11,2999-01-01,0,0
27477,301,2001-08-12,2999-01-01,1,1
31791,131,2001-08-13,2999-01-01,0,0
2496,247,2001-08-13,2999-01-01,0,1
20971,286,2001-08-13,2999-01-01,1,0
36487,272,2001-08-15,2002-10-04,0,0
32745,827,2001-08-16,2002-12-13,0,1
21308,1215,2001-05-15,2999-01-01,0,0
7460,944,2001-08-16,2002-01-09,0,1
19238,191,2001-08-17,2999-01-01,0,0
8771,1107,2001-08-19,2999-01-01,0,0
19357,583,2001-08-20,2999-01-01,0,1
1044,309,2001-05-21,2002-03-19,1,1
10595,477,2001-08-21,2002-07-04,0,1
44981,682,2001-05-22,2999-01-01,0,0
15890,803,2001-08-21,2999-01-01,0,1
31555,69,2001-08-23,2999-01-01,0,0
28860,959,2001-08-23,2999-01-01,0,0
19500,960,2001-08-23,2002-09-09,0,0
40761,807,2001-08-25,2002-08-02,1,0
19427,259,2001-08-25,2999-01-01,0,0
28086,1167,2001-08-25,2999-01-01,1,1
4407,429,2001-08-27,2999-01-01,0,1
11548,418,2001-08-28,2002-08-17,0,1
34422,1113,2001-08-28,2999-01-01,1,0
43673,1116,2001-08-28,2999-01-01,0,0
4825,42,2001-08-30,2999-01-01,0,0
44066,472,2001-08-31,2999-01-01,1,1
16862,747,2001-05-31,2002-04-11,0,0
41727,974,2001-08-31,2002-12-19,0,0
7506,1068,2001-09-02,2001-12-11,1,0
41234,282,2001-09-02,2999-01-01,0,0
37724,1137,2001-09-02,2002-12-30,0,0
26913,1060,2001-09-02,2999-01-01,0,0
17522,1216,2001-09-03,2999-01-01,0,0
35475,824,2001-09-03,2999-01-01,0,0
14451,1042,2001-09-03,2002-12-13,1,0
19126,1035,2001-09-03,2999-01-01,0,0
28586,965,2001-09-05,2999-01-01,0,1
9110,945,2001-06-02,2002-01-10,1,1
14962,83,2001-09-06,2002-02-23,0,0
33989,936,2001-09-06,2002-02-20,0,1
1629,1131,2001-09-06,2999-01-01,0,1
20391,1223,2001-09-07,2999-01-01,1,0
28863,358,2001-09-07,2999-01-01,0,0
17614,581,2001-09-10,2999-01-01,0,1
34899,796,2001-06-10,2999-01-01,1,0
5844,305,2001-09-11,2999-01-01,0,0
43285,300,2001-09-11,2999-01-01,1,0
36110,113,2001-09-15,2999-01-01,0,0
27113,192,2001-09-15,2999-01-01,1,0
8715,736,2001-09-15,2999-01-01,0,1
40527,888,2001-06-16,2002-07-30,1,1
21784,140,2001-09-18,2002-09-05,0,0
30549,1224,2001-09-18,2999-01-01,0,0
23568,563,2001-09-21,2999-01-01,0,0
8402,206,2001-09-23,2999-01-01,0,0
40956,1101,2001-09-23,2999-01-01,0,0
27563,948,2001-09-24,2002-09-05,1,1
16298,972,2001-06-21,2999-01-01,1,1
28900,31,2001-09-27,2999-01-01,1,0
21650,68,2001-09-28,2999-01-01,0,0
42685,750,2001-09-29,2002-02-14,1,1
8301,514,2001-10-01,2999-01-01,0,1
35364,720,2001-10-02,2999-01-01,0,1
1461,732,2001-10-02,2999-01-01,0,0
43558,726,2001-10-02,2002-10-11,0,0
26779,238,2001-10-03,2999-01-01,0,1
24818,261,2001-10-03,2999-01-01,1,0
33232,492,2001-10-04,2002-02-21,0,1
13031,407,2001-07-05,2999-01-01,1,1
20601,201,2001-10-06,2999-01-01,0,0
3342,124,2001-10-08,2999-01-01,1,0
6872,386,2001-10-09,2999-01-01,0,0
40842,387,2001-10-09,2999-01-01,0,0
549,618,2001-10-10,2999-01-01,0,1
34881,644,2001-07-07,2002-12-19,1,1
8914,684,2001-07-09,2999-01-01,0,1
44909,575,2001-10-12,2999-01-01,0,0
21898,571,2001-10-12,2999-01-01,1,0
42034,691,2001-10-16,2999-01-01,1,1
38967,651,2001-07-12,2999-01-01,0,1
38780,1051,2001-07-14,2999-01-01,1,0
9931,779,2001-07-16,2002-06-27,1,1
2983,643,2001-07-17,2999-01-01,0,1
14704,1141,2001-07-18,2999-01-01,0,1
29147,447,2001-10-19,2002-08-24,0,1
35490,190,2001-10-20,2999-01-01,0,0
141,142,2001-10-20,2999-01-01,0,0
15355,299,2001-10-21,2999-01-01,0,0
11631,304,2001-10-21,2999-01-01,0,0
22611,822,2001-10-25,2999-01-01,0,0
44207,332,2001-10-25,2999-01-01,0,0
10313,543,2001-10-26,2999-01-01,1,1
37342,380,2001-07-26,2999-01-01,1,0
13042,853,2001-10-26,2002-12-25,0,0
20163,988,2001-10-26,2999-01-01,0,1
6834,162,2001-10-28,2999-01-01,0,0
36105,919,2001-10-30,2999-01-01,1,0
20710,973,2001-10-30,2999-01-01,0,0
28912,542,2001-11-02,2999-01-01,0,1
21741,758,2001-07-30,2999-01-01,1,0
36754,29,2001-08-02,2999-01-01,0,0
17209,767,2001-11-02,2002-10-14,1,1
11260,838,2001-11-02,2999-01-01,1,1
10270,1077,2001-11-06,2002-11-02,0,0
41844,834,2001-11-06,2999-01-01,1,0
25258,218,2001-11-08,2999-01-01,0,1
39236,1050,2001-11-08,2999-01-01,1,0
22664,831,2001-11-08,2999-01-01,0,0
40503,126,2001-11-09,2999-01-01,0,0
107,133,2001-11-09,2999-01-01,0,0
36065,952,2001-11-10,2999-01-01,0,0
20653,961,2001-11-10,2999-01-01,0,0
42214,979,2001-11-11,2999-01-01,0,1
1861,784,2001-08-11,2002-09-16,1,0
29396,1160,2001-08-13,2999-01-01,0,0
37435,61,2001-11-12,2002-04-01,0,0
39727,704,2001-11-12,2002-06-25,1,1
12614,1027,2001-11-12,2999-01-01,0,1
37147,293,2001-11-12,2999-01-01,1,1
37733,389,2001-11-12,2999-01-01,1,0
41291,383,2001-11-12,2999-01-01,0,0
2314,1104,2001-11-14,2999-01-01,0,1
28270,1201,2001-08-15,2002-08-27,0,0
6781,1047,2001-11-16,2999-01-01,0,0
29490,64,2001-11-17,2999-01-01,1,0
19112,1065,2001-11-17,2999-01-01,0,0
43413,166,2001-11-17,2002-12-26,1,1
1428,70,2001-11-18,2999-01-01,0,0
31978,589,2001-11-18,2999-01-01,0,1
16744,385,2001-08-21,2999-01-01,1,0
2927,41,2001-11-20,2999-01-01,0,0
27215,533,2001-11-20,2999-01-01,0,1
9796,510,2001-11-21,2999-01-01,0,0
44525,354,2001-11-21,2999-01-01,0,0
3858,1212,2001-11-21,2999-01-01,0,0
38676,108,2001-11-22,2002-06-06,0,0
42924,793,2001-11-24,2999-01-01,0,0
24313,212,2001-11-25,2002-06-27,1,0
8351,317,2001-11-25,2002-09-20,0,0
29408,334,2001-11-25,2999-01-01,0,1
34474,1122,2001-11-25,2999-01-01,0,1
5413,955,2001-11-26,2999-01-01,1,0
3004,966,2001-11-26,2999-01-01,0,0
33004,156,2001-11-28,2999-01-01,0,0
11525,103,2001-11-28,2999-01-01,0,0
10469,356,2001-11-29,2999-01-01,1,0
3943,239,2001-11-29,2999-01-01,0,0
26958,1032,2001-11-30,2999-01-01,0,1
579,467,2001-08-30,2999-01-01,1,0
33445,776,2001-11-30,2002-12-31,1,1
39766,270,2001-12-01,2999-01-01,0,0
24336,1093,2001-12-03,2999-01-01,0,0
32799,1169,2001-12-03,2999-01-01,1,0
36161,1170,2001-12-04,2999-01-01,1,1
21958,1189,2001-09-02,2002-11-05,0,1
36741,414,2001-09-03,2999-01-01,0,1
33828,1082,2001-09-03,2002-05-31,1,0
35718,323,2001-09-04,2999-01-01,1,1
21327,891,2001-12-07,2999-01-01,0,0
20495,308,2001-12-07,2999-01-01,1,0
3746,1194,2001-12-07,2999-01-01,0,0
2334,982,2001-12-10,2999-01-01,1,1
19403,1024,2001-09-10,2999-01-01,0,1
34483,1033,2001-12-11,2999-01-01,0,0
36281,970,2001-12-11,2999-01-01,0,0
25859,896,2001-12-12,2999-01-01,0,0
13215,897,2001-12-12,2999-01-01,0,0
27395,711,2001-12-16,2999-01-01,0,1
5744,790,2001-09-13,2999-01-01,1,1
28882,393,2001-09-15,2999-01-01,1,1
36916,401,2001-09-16,2999-01-01,0,1
14404,116,2001-12-17,2999-01-01,1,0
18708,375,2001-12-20,2999-01-01,0,0
22701,541,2001-12-20,2999-01-01,1,0
7940,536,2001-12-20,2999-01-01,1,0
900,538,2001-12-23,2999-01-01,0,1
17466,569,2001-09-21,2999-01-01,0,0
27767,1015,2001-09-24,2999-01-01,0,1
12096,627,2001-12-25,2999-01-01,0,0
25201,808,2001-12-26,2999-01-01,1,0
4345,329,2001-12-26,2999-01-01,0,0
21500,337,2001-12-26,2999-01-01,0,0
41358,210,2001-12-26,2999-01-01,0,0
8280,918,2001-12-29,2999-01-01,0,0
33361,937,2001-12-29,2999-01-01,0,0
3370,130,2001-12-30,2999-01-01,0,0
8076,443,2001-12-31,2999-01-01,1,1
7589,49,2001-09-27,2999-01-01,1,0
12021,899,2001-10-02,2999-01-01,0,1
23754,1092,2002-01-01,2999-01-01,0,1
8861,1084,2001-10-03,2999-01-01,0,0
6631,817,2002-01-02,2999-01-01,0,1
27969,419,2001-10-04,2999-01-01,0,0
16435,992,2002-01-03,2999-01-01,0,0
13129,1021,2002-01-03,2999-01-01,0,0
29950,94,2002-01-06,2999-01-01,0,0
3762,463,2002-01-06,2999-01-01,0,0
999,465,2002-01-06,2999-01-01,0,0
14253,924,2001-10-05,2999-01-01,0,1
20416,716,2002-01-09,2999-01-01,1,1
38454,551,2001-10-10,2999-01-01,0,1
7460,944,2002-01-10,2002-10-14,0,1
35524,557,2002-01-11,2999-01-01,0,1
8243,707,2002-01-11,2999-01-01,1,1
31061,930,2002-01-11,2999-01-01,0,1
12427,17,2001-10-13,2002-06-08,1,1
29282,705,2002-01-13,2999-01-01,1,1
31391,438,2001-10-17,2999-01-01,0,1
13867,1186,2002-01-19,2999-01-01,0,0
19124,1069,2002-01-19,2999-01-01,0,0
26631,1206,2002-01-19,2999-01-01,0,0
2549,5,2002-01-20,2002-12-23,0,1
24861,565,2001-10-22,2999-01-01,0,0
38788,945,2002-01-21,2999-01-01,0,0
35300,946,2002-01-21,2999-01-01,1,0
35584,1178,2002-01-23,2999-01-01,0,0
4522,313,2002-01-23,2999-01-01,0,0
30354,146,2002-01-23,2999-01-01,0,0
9154,187,2002-01-23,2999-01-01,0,0
29545,774,2002-01-26,2999-01-01,1,1
37181,741,2001-10-25,2002-04-30,1,1
25130,851,2001-10-26,2999-01-01,0,0
34929,152,2002-01-31,2999-01-01,0,0
19312,132,2002-01-31,2999-01-01,0,0
4525,1181,2002-02-01,2999-01-01,0,0
7653,1192,2002-02-01,2999-01-01,0,0
41559,1095,2002-02-03,2002-12-10,0,1
17863,101,2002-02-05,2999-01-01,0,0
27481,102,2002-02-05,2999-01-01,0,0
19121,1231,2002-02-07,2999-01-01,1,0
14266,977,2002-02-07,2999-01-01,0,1
6048,637,2002-02-07,2999-01-01,0,1
6069,662,2001-11-09,2002-12-04,1,0
41925,275,2002-02-08,2999-01-01,0,0
43142,459,2002-02-09,2999-01-01,0,1
24420,761,2002-02-09,2999-01-01,0,0
29049,763,2002-02-09,2999-01-01,0,0
41033,1155,2002-02-11,2999-01-01,0,1
34462,475,2002-02-12,2999-01-01,1,1
35745,996,2002-02-12,2999-01-01,1,0
44478,1162,2002-02-12,2002-10-14,0,1
17287,1068,2002-02-13,2999-01-01,1,0
26602,1073,2002-02-13,2999-01-01,0,0
41676,265,2002-02-15,2999-01-01,0,1
36763,527,2002-02-15,2999-01-01,1,1
41671,278,2002-02-16,2999-01-01,0,0
18353,1115,2002-02-16,2999-01-01,0,0
37825,22,2001-11-20,2002-06-27,1,0
20462,515,2001-11-21,2999-01-01,1,0
27434,893,2002-02-20,2002-08-29,0,1
12912,199,2002-02-20,2999-01-01,0,0
40756,197,2002-02-20,2999-01-01,1,0
33989,913,2002-02-21,2999-01-01,0,0
4526,143,2002-02-22,2999-01-01,1,1
42830,423,2002-02-22,2999-01-01,1,1
14721,16,2001-11-22,2999-01-01,0,1
14042,118,2001-11-22,2999-01-01,1,0
33232,491,2002-02-22,2999-01-01,1,0
40613,492,2002-02-22,2999-01-01,0,0
14962,83,2002-02-24,2002-07-18,0,1
12246,1056,2002-02-25,2999-01-01,0,0
1422,1053,2002-02-25,2999-01-01,1,0
42472,564,2002-02-26,2999-01-01,0,1
41633,798,2001-11-24,2002-08-30,0,0
15844,570,2001-11-29,2999-01-01,1,1
38813,24,2002-03-02,2999-01-01,0,0
40510,47,2002-03-02,2999-01-01,1,0
9497,231,2001-12-03,2999-01-01,0,1
40339,1063,2001-12-06,2999-01-01,0,0
36723,220,2001-12-08,2999-01-01,1,1
27657,620,2001-12-09,2999-01-01,1,0
14985,1220,2001-12-10,2999-01-01,1,1
30170,658,2001-12-11,2002-05-22,1,1
6875,599,2002-03-17,2999-01-01,0,0
44449,224,2002-03-18,2999-01-01,0,1
31975,1213,2002-03-19,2999-01-01,0,0
34817,219,2002-03-19,2999-01-01,0,0
36400,902,2002-03-19,2999-01-01,0,1
12498,1229,2002-03-19,2999-01-01,1,0
6068,820,2002-03-19,2999-01-01,0,0
6323,806,2002-03-21,2999-01-01,0,0
32110,309,2002-03-21,2999-01-01,0,0
32381,263,2002-03-22,2999-01-01,0,1
12286,373,2001-12-20,2999-01-01,0,0
1254,452,2001-12-22,2999-01-01,0,0
44249,428,2002-03-23,2999-01-01,1,1
4383,811,2002-03-23,2999-01-01,0,0
34154,1199,2002-03-23,2999-01-01,0,0
37558,1049,2002-03-25,2999-01-01,0,0
13495,1091,2002-03-25,2999-01-01,0,0
24131,432,2002-03-28,2999-01-01,1,1
14199,501,2001-12-24,2999-01-01,0,1
21890,631,2001-12-25,2999-01-01,0,0
12996,968,2001-12-26,2999-01-01,0,1
19217,478,2001-12-26,2999-01-01,1,0
19237,378,2001-12-26,2999-01-01,0,0
11306,32,2001-12-27,2999-01-01,0,0
19315,1228,2002-03-30,2999-01-01,0,0
28843,640,2002-03-30,2999-01-01,0,1
36226,592,2001-12-28,2002-07-27,1,0
25314,624,2001-12-29,2999-01-01,0,1
42508,901,2002-03-31,2999-01-01,1,0
2180,882,2002-03-31,2999-01-01,1,0
11515,799,2002-01-01,2999-01-01,1,1
40096,623,2002-04-02,2999-01-01,1,0
29720,622,2002-04-02,2999-01-01,1,0
37435,61,2002-04-02,2999-01-01,0,1
7198,310,2002-04-03,2999-01-01,0,1
38541,911,2002-04-04,2999-01-01,1,1
7504,4,2002-04-05,2999-01-01,0,1
7647,20,2002-04-05,2999-01-01,0,0
16959,1090,2002-04-05,2999-01-01,0,0
15021,362,2002-04-05,2999-01-01,0,0
26355,1040,2002-04-05,2999-01-01,0,0
44389,978,2002-04-06,2999-01-01,0,0
27068,921,2002-04-06,2999-01-01,0,0
10800,881,2002-04-08,2999-01-01,0,0
11066,860,2002-04-08,2999-01-01,1,0
32785,694,2002-04-11,2999-01-01,1,0
34248,698,2002-04-11,2999-01-01,0,0
16862,750,2002-04-12,2999-01-01,0,0
17096,747,2002-04-12,2999-01-01,1,0
20052,325,2002-04-14,2999-01-01,0,1
31202,511,2002-01-05,2999-01-01,0,0
6576,1061,2002-01-06,2999-01-01,0,1
7370,647,2002-01-08,2999-01-01,0,0
21960,448,2002-01-10,2999-01-01,0,0
9968,8,2002-04-14,2999-01-01,1,1
37602,1058,2002-04-15,2999-01-01,0,1
23574,506,2002-04-16,2999-01-01,0,1
30289,462,2002-04-17,2999-01-01,0,1
17037,1151,2002-04-19,2999-01-01,0,1
37562,1127,2002-04-19,2999-01-01,0,0
35947,307,2002-04-19,2999-01-01,0,0
41577,733,2002-04-22,2999-01-01,1,0
7259,727,2002-04-22,2999-01-01,0,0
16932,730,2002-04-24,2999-01-01,0,1
27393,78,2002-04-25,2002-12-12,0,0
44088,194,2002-04-25,2999-01-01,0,0
27170,604,2002-04-25,2999-01-01,0,0
30297,77,2002-04-26,2999-01-01,0,0
12890,105,2002-04-26,2999-01-01,0,0
37351,417,2002-04-27,2999-01-01,1,0
7176,894,2002-04-27,2999-01-01,1,1
19577,1064,2002-04-28,2999-01-01,0,1
19948,818,2002-01-29,2999-01-01,0,1
25972,445,2002-05-01,2999-01-01,0,1
14248,766,2002-05-01,2999-01-01,1,1
28622,55,2002-05-01,2999-01-01,0,1
10380,606,2002-05-02,2999-01-01,1,0
6479,112,2002-05-08,2999-01-01,0,1
27600,392,2002-05-10,2999-01-01,0,0
44587,397,2002-05-10,2999-01-01,0,0
44203,689,2002-05-13,2999-01-01,0,1
6724,653,2002-01-31,2999-01-01,0,0
35140,560,2002-02-03,2999-01-01,0,1
12393,237,2002-02-07,2999-01-01,0,1
14112,1232,2002-02-07,2999-01-01,1,0
17902,781,2002-02-09,2999-01-01,0,1
2225,562,2002-02-11,2999-01-01,0,0
36874,390,2002-05-18,2999-01-01,0,1
27845,1030,2002-02-12,2999-01-01,0,0
32054,638,2002-05-20,2999-01-01,1,1
43018,471,2002-05-22,2999-01-01,0,1
34746,398,2002-02-19,2999-01-01,0,0
6053,936,2002-02-21,2999-01-01,0,0
1920,173,2002-05-23,2999-01-01,0,1
7218,985,2002-05-25,2999-01-01,0,0
12358,915,2002-05-25,2999-01-01,1,0
39273,840,2002-05-27,2999-01-01,0,1
34903,1121,2002-02-22,2999-01-01,0,1
34276,399,2002-05-31,2999-01-01,1,0
843,159,2002-06-01,2999-01-01,0,1
12456,826,2002-06-01,2999-01-01,0,1
23951,857,2002-02-28,2999-01-01,0,1
21618,1209,2002-02-28,2999-01-01,0,0
25636,312,2002-06-01,2999-01-01,0,0
17956,770,2002-06-02,2999-01-01,1,1
18132,582,2002-03-05,2999-01-01,1,0
16465,1014,2002-06-03,2999-01-01,0,1
44539,580,2002-06-04,2999-01-01,0,1
19926,254,2002-06-05,2999-01-01,0,1
36845,436,2002-06-06,2999-01-01,1,1
41833,287,2002-06-07,2999-01-01,0,1
38676,108,2002-06-07,2999-01-01,0,1
39201,866,2002-06-08,2999-01-01,1,1
37753,649,2002-06-08,2999-01-01,1,0
5341,572,2002-06-09,2999-01-01,0,1
13009,1175,2002-06-09,2999-01-01,0,1
43588,95,2002-06-10,2999-01-01,1,1
15638,182,2002-06-13,2999-01-01,0,1
44239,1082,2002-06-13,2999-01-01,1,0
25238,17,2002-06-14,2999-01-01,0,0
2584,729,2002-06-14,2999-01-01,0,0
13371,728,2002-06-14,2999-01-01,1,0
22340,1041,2002-06-15,2999-01-01,0,1
1714,50,2002-06-15,2999-01-01,0,0
44782,39,2002-06-15,2999-01-01,0,0
31948,245,2002-06-17,2999-01-01,0,1
19553,723,2002-03-19,2999-01-01,0,1
17845,499,2002-03-21,2999-01-01,0,0
6952,708,2002-03-21,2999-01-01,1,0
24535,1007,2002-06-18,2999-01-01,0,1
8774,494,2002-06-20,2999-01-01,1,0
18502,630,2002-06-20,2999-01-01,1,0
15340,632,2002-06-20,2999-01-01,0,0
33926,283,2002-06-23,2999-01-01,0,1
3095,1195,2002-06-23,2999-01-01,0,0
599,814,2002-06-23,2999-01-01,0,0
26453,1217,2002-06-25,2999-01-01,0,0
42384,1177,2002-06-25,2999-01-01,0,0
17617,13,2002-06-27,2999-01-01,0,0
10085,233,2002-06-27,2999-01-01,0,1
10924,713,2002-03-25,2999-01-01,0,1
2185,520,2002-03-28,2002-10-03,1,1
12425,1028,2002-06-28,2999-01-01,0,1
37408,1185,2002-06-29,2999-01-01,1,0
5012,874,2002-06-30,2999-01-01,0,1
35322,787,2002-03-31,2999-01-01,0,1
18010,1125,2002-07-04,2999-01-01,0,0
10595,477,2002-07-05,2999-01-01,0,1
19599,552,2002-04-02,2999-01-01,1,1
24698,25,2002-04-05,2999-01-01,0,0
16460,279,2002-04-05,2999-01-01,0,0
3108,212,2002-07-06,2999-01-01,0,0
29934,1221,2002-07-06,2999-01-01,0,0
33857,328,2002-07-08,2999-01-01,1,1
39643,426,2002-04-07,2999-01-01,1,1
1933,1132,2002-04-09,2999-01-01,0,1
1668,741,2002-07-10,2999-01-01,0,0
38227,319,2002-07-11,2999-01-01,0,0
20830,316,2002-07-11,2999-01-01,0,0
13907,72,2002-07-14,2999-01-01,0,1
35722,353,2002-07-14,2999-01-01,0,1
31463,1168,2002-04-13,2999-01-01,0,0
5910,493,2002-04-14,2999-01-01,1,0
42265,196,2002-07-17,2999-01-01,0,1
2808,433,2002-07-19,2999-01-01,1,1
35663,672,2002-04-16,2999-01-01,1,0
30689,46,2002-04-17,2999-01-01,0,0
3653,668,2002-07-19,2999-01-01,0,0
30196,676,2002-07-19,2999-01-01,0,0
14962,83,2002-07-19,2002-12-27,0,1
30900,158,2002-07-22,2999-01-01,0,1
44275,284,2002-07-22,2999-01-01,0,0
5269,848,2002-07-23,2999-01-01,0,0
13063,1179,2002-07-23,2999-01-01,0,0
9306,157,2002-07-24,2999-01-01,0,0
30621,121,2002-07-24,2999-01-01,0,1
19565,98,2002-07-26,2999-01-01,1,0
28036,625,2002-04-21,2999-01-01,0,0
17419,801,2002-04-22,2999-01-01,1,1
7717,795,2002-04-24,2999-01-01,1,0
15488,603,2002-04-25,2999-01-01,0,0
16059,415,2002-04-27,2999-01-01,0,0
11990,769,2002-07-27,2999-01-01,1,1
31324,240,2002-07-29,2999-01-01,0,0
38133,1134,2002-07-29,2002-10-26,0,0
16216,1222,2002-07-30,2999-01-01,0,0
24019,262,2002-07-30,2999-01-01,0,0
29524,281,2002-04-30,2999-01-01,0,1
20738,608,2002-05-02,2002-11-22,1,0
37376,1154,2002-08-02,2999-01-01,0,1
9365,888,2002-08-03,2999-01-01,1,0
2672,852,2002-08-03,2999-01-01,1,0
39655,22,2002-08-04,2999-01-01,1,0
24436,52,2002-08-04,2999-01-01,0,0
1286,505,2002-08-06,2999-01-01,0,1
20448,692,2002-05-05,2999-01-01,0,0
9959,495,2002-05-06,2999-01-01,0,0
33757,648,2002-08-07,2999-01-01,0,0
25264,650,2002-08-07,2999-01-01,0,0
44724,753,2002-08-08,2999-01-01,1,1
19575,276,2002-08-08,2999-01-01,1,1
37883,30,2002-08-10,2999-01-01,0,0
13884,44,2002-08-10,2999-01-01,1,0
36079,295,2002-08-11,2999-01-01,0,1
20905,833,2002-08-14,2999-01-01,0,0
12483,351,2002-08-14,2999-01-01,0,0
30944,512,2002-08-17,2999-01-01,0,1
35898,540,2002-05-16,2002-11-17,0,1
1902,748,2002-05-16,2999-01-01,0,0
1359,230,2002-08-18,2999-01-01,1,0
11548,418,2002-08-18,2999-01-01,1,1
26896,382,2002-05-20,2999-01-01,0,0
16360,1210,2002-08-19,2002-12-14,0,0
30977,1187,2002-08-19,2999-01-01,0,0
18494,592,2002-08-21,2999-01-01,0,0
9103,593,2002-08-21,2999-01-01,1,0
21604,1057,2002-08-21,2999-01-01,0,0
6746,306,2002-08-21,2999-01-01,0,0
24601,1055,2002-08-24,2999-01-01,0,1
29757,460,2002-05-21,2999-01-01,1,0
11483,658,2002-05-23,2999-01-01,0,0
21059,1226,2002-08-24,2999-01-01,0,0
29147,447,2002-08-25,2999-01-01,1,1
7814,567,2002-05-26,2999-01-01,0,1
12289,526,2002-05-27,2999-01-01,1,1
28270,1081,2002-08-28,2999-01-01,0,0
27434,862,2002-08-30,2999-01-01,0,0
32869,893,2002-08-30,2999-01-01,0,0
41984,215,2002-09-01,2999-01-01,0,0
4288,1219,2002-09-01,2999-01-01,0,0
44508,171,2002-09-02,2999-01-01,0,0
9829,1201,2002-09-04,2999-01-01,0,0
19341,1079,2002-09-04,2999-01-01,0,0
21784,58,2002-09-06,2999-01-01,0,0
8664,140,2002-09-07,2999-01-01,1,0
21453,175,2002-09-07,2999-01-01,0,0
12955,1096,2002-09-10,2999-01-01,0,1
25649,400,2002-05-31,2999-01-01,0,0
25814,1164,2002-06-01,2999-01-01,0,1
5932,830,2002-06-01,2999-01-01,1,0
37945,481,2002-06-07,2999-01-01,0,0
14489,933,2002-06-09,2999-01-01,1,0
19500,960,2002-09-10,2999-01-01,0,1
11381,48,2002-09-11,2999-01-01,1,0
43267,35,2002-09-11,2999-01-01,0,0
21208,760,2002-09-13,2999-01-01,0,1
35811,693,2002-06-14,2999-01-01,1,0
34363,1204,2002-09-13,2999-01-01,0,1
40116,369,2002-09-16,2999-01-01,1,1
12843,1109,2002-06-16,2999-01-01,0,0
5861,786,2002-06-17,2999-01-01,1,0
9843,422,2002-09-18,2999-01-01,0,1
25941,489,2002-06-20,2999-01-01,0,0
17665,249,2002-09-18,2999-01-01,0,0
17168,1102,2002-09-19,2999-01-01,0,1
27725,496,2002-09-20,2999-01-01,1,0
8114,502,2002-09-20,2999-01-01,0,0
8351,317,2002-09-21,2999-01-01,0,1
39336,57,2002-09-24,2999-01-01,0,0
44822,205,2002-09-24,2999-01-01,0,0
28057,172,2002-09-24,2999-01-01,1,0
17002,531,2002-09-26,2999-01-01,1,1
5990,704,2002-06-26,2999-01-01,1,0
11001,43,2002-06-27,2999-01-01,1,0
30601,779,2002-06-28,2999-01-01,1,0
20680,129,2002-09-27,2999-01-01,0,0
35145,870,2002-09-27,2999-01-01,1,0
15441,872,2002-09-27,2999-01-01,1,0
37011,1126,2002-09-30,2999-01-01,1,0
3358,1124,2002-09-30,2999-01-01,1,0
29068,2,2002-10-02,2999-01-01,0,1
41766,633,2002-10-02,2999-01-01,0,1
37233,566,2002-10-03,2999-01-01,0,0
17669,568,2002-10-03,2999-01-01,0,0
36487,272,2002-10-05,2999-01-01,0,1
12397,877,2002-07-07,2999-01-01,0,0
10275,981,2002-07-09,2999-01-01,0,1
23673,430,2002-10-09,2999-01-01,0,0
39407,740,2002-07-10,2999-01-01,0,0
6191,222,2002-10-09,2999-01-01,0,1
33375,948,2002-10-09,2999-01-01,1,0
29675,1078,2002-10-09,2999-01-01,0,1
41734,995,2002-07-11,2999-01-01,0,0
11595,296,2002-10-11,2999-01-01,0,1
44675,943,2002-10-12,2999-01-01,0,0
10649,983,2002-10-12,2999-01-01,0,0
43558,726,2002-10-12,2999-01-01,0,1
44353,573,2002-07-15,2999-01-01,0,0
38878,188,2002-10-14,2999-01-01,0,0
4685,1025,2002-10-14,2999-01-01,0,0
647,67,2002-10-14,2999-01-01,0,0
36830,402,2002-07-17,2999-01-01,1,0
44478,1162,2002-10-15,2999-01-01,0,1
7460,944,2002-10-15,2999-01-01,1,1
40374,497,2002-07-19,2999-01-01,0,1
5690,1071,2002-10-19,2999-01-01,0,0
11553,315,2002-10-19,2999-01-01,1,0
28239,87,2002-10-21,2999-01-01,0,0
10908,97,2002-10-21,2999-01-01,1,0
34558,324,2002-10-26,2999-01-01,0,1
4491,610,2002-07-29,2999-01-01,1,1
44474,1134,2002-10-29,2999-01-01,0,0
20096,904,2002-10-31,2999-01-01,1,1
33630,1052,2002-11-01,2999-01-01,0,1
19689,807,2002-11-01,2999-01-01,0,0
24765,117,2002-11-01,2999-01-01,0,0
23285,473,2002-11-02,2999-01-01,1,0
43641,971,2002-11-03,2999-01-01,0,0
10270,258,2002-11-03,2999-01-01,0,0
19274,123,2002-11-04,2999-01-01,0,0
10534,122,2002-11-04,2999-01-01,0,1
39874,940,2002-11-05,2999-01-01,1,1
27549,991,2002-08-07,2999-01-01,1,1
21958,812,2002-11-06,2999-01-01,1,0
2044,1189,2002-11-06,2999-01-01,0,0
3354,660,2002-11-09,2999-01-01,1,1
23927,454,2002-08-10,2999-01-01,0,1
41131,331,2002-11-10,2999-01-01,0,1
42665,690,2002-11-10,2999-01-01,0,0
6261,688,2002-11-10,2999-01-01,0,0
14960,251,2002-11-11,2999-01-01,0,0
6922,535,2002-11-11,2999-01-01,0,1
1072,587,2002-11-12,2999-01-01,1,0
21152,558,2002-11-12,2999-01-01,0,1
37441,871,2002-11-13,2999-01-01,0,1
23737,27,2002-11-14,2999-01-01,0,1
38360,388,2002-11-17,2999-01-01,1,1
35734,987,2002-08-16,2999-01-01,0,0
41781,585,2002-08-17,2999-01-01,0,1
15521,577,2002-11-18,2999-01-01,0,1
35898,540,2002-11-18,2999-01-01,0,1
24077,242,2002-08-21,2999-01-01,0,0
102,80,2002-11-22,2999-01-01,0,1
21036,816,2002-11-22,2999-01-01,0,0
16081,1118,2002-11-23,2999-01-01,1,0
34822,260,2002-11-23,2999-01-01,0,0
40070,932,2002-11-23,2999-01-01,1,0
22559,252,2002-11-27,2999-01-01,0,0
42568,248,2002-11-27,2999-01-01,0,0
9628,523,2002-11-28,2999-01-01,1,0
692,456,2002-11-29,2999-01-01,0,1
37484,441,2002-08-27,2999-01-01,0,1
11216,745,2002-08-27,2999-01-01,0,1
41633,798,2002-08-31,2999-01-01,0,1
14784,33,2002-12-01,2999-01-01,0,1
37649,1208,2002-12-02,2999-01-01,0,0
42734,82,2002-12-03,2999-01-01,0,0
11894,657,2002-12-05,2999-01-01,0,1
24278,997,2002-09-01,2999-01-01,1,1
2597,1197,2002-12-07,2999-01-01,0,0
44069,291,2002-12-07,2999-01-01,1,0
41559,1095,2002-12-11,2999-01-01,0,1
17219,244,2002-09-09,2999-01-01,0,1
22490,839,2002-12-12,2999-01-01,1,1
27393,104,2002-12-13,2999-01-01,1,0
693,78,2002-12-13,2999-01-01,0,0
16360,1211,2002-12-15,2999-01-01,0,0
27305,1210,2002-12-15,2999-01-01,0,0
41727,975,2002-12-20,2999-01-01,0,0
37393,974,2002-12-20,2999-01-01,0,0
41519,267,2002-12-24,2999-01-01,0,0
44806,255,2002-12-24,2999-01-01,1,0
7740,784,2002-09-17,2999-01-01,0,0
32827,642,2002-09-20,2999-01-01,0,1
31296,788,2002-09-25,2999-01-01,1,1
14962,166,2002-12-28,2999-01-01,0,0
39234,349,2002-12-31,2999-01-01,0,0
31122,63,2002-12-31,2999-01-01,0,1
37724,827,2002-12-31,2999-01-01,0,0
4138,1137,2002-12-31,2999-01-01,1,0
